ConstituentID,Artist,Total,1850-1854,1855-1859,1860-1864,1865-1869,1870-1874,1875-1879,1880-1884,1885-1889,1890-1894,1895-1899,1900-1904,1905-1909,1910-1914,1915-1919,1920-1924,1925-1929,1930-1934,1935-1939,1940-1944,1945-1949,1950-1954,1955-1959,1960-1964,1965-1969,1970-1974,1975-1979,1980-1984,1985-1989,1990-1994,1995-1999,2000-2004,2005-2009,2010-2014,2015-2019,2020-2024
3,Bill Arnold,26,0,0,0,0,0,0,0,0,0,0,0,0,0,0,0,0,0,0,0,0,0,0,0,0,24,2,0,0,0,0,0,0,0,0,0
11,Jean (Hans) Arp,191,0,0,0,0,0,0,0,0,0,0,0,0,12,30,40,4,6,5,9,14,44,16,10,1,0,0,0,0,0,0,0,0,0,0,0
19,Richard Artschwager,37,0,0,0,0,0,0,0,0,0,0,0,0,0,0,0,0,0,0,0,0,0,0,1,11,6,4,1,1,5,6,2,0,0,0,0
28,Geneviève Asse,50,0,0,0,0,0,0,0,0,0,0,0,0,0,0,0,0,0,0,0,0,0,0,0,36,0,1,12,1,0,0,0,0,0,0,0
34,Alvar Aalto,26,0,0,0,0,0,0,0,0,0,0,0,0,0,0,0,4,9,5,1,3,2,1,0,0,1,0,0,0,0,0,0,0,0,0,0
41,Berenice Abbott,66,0,0,0,0,0,0,0,0,0,0,0,0,0,0,0,3,7,42,0,8,1,5,0,0,0,0,0,0,0,0,0,0,0,0,0
53,Vito Acconci,59,0,0,0,0,0,0,0,0,0,0,0,0,0,0,0,0,0,0,0,0,0,0,0,11,22,16,6,1,3,0,0,0,0,0,0
60,Ansel Adams,202,0,0,0,0,0,0,0,0,0,0,0,0,0,0,6,2,41,49,36,33,12,6,10,4,1,2,0,0,0,0,0,0,0,0,0
62,Clinton Adams,57,0,0,0,0,0,0,0,0,0,0,0,0,0,0,0,0,0,0,0,0,0,0,32,25,0,0,0,0,0,0,0,0,0,0,0
66,Robert Adams,47,0,0,0,0,0,0,0,0,0,0,0,0,0,0,0,0,0,0,0,0,0,0,0,9,13,15,7,2,1,0,0,0,0,0,0
86,Otl Aicher (also known as Otto Aicher),30,0,0,0,0,0,0,0,0,0,0,0,0,0,0,0,0,0,0,0,4,23,2,0,0,1,0,0,0,0,0,0,0,0,0,0
96,Anni Albers,67,0,0,0,0,0,0,0,0,0,0,0,0,0,0,1,14,10,0,2,12,1,1,11,2,4,0,9,0,0,0,0,0,0,0,0
97,Josef Albers,178,0,0,0,0,0,0,0,0,0,0,0,0,0,1,0,8,8,2,12,1,2,7,43,28,39,27,0,0,0,0,0,0,0,0,0
107,Pierre Alechinsky,397,0,0,0,0,0,0,0,0,0,0,0,0,0,0,0,0,0,0,0,9,7,1,30,54,147,108,16,25,0,0,0,0,0,0,0
108,Peter Alexander,8,0,0,0,0,0,0,0,0,0,0,0,0,0,0,0,0,0,0,0,0,0,0,0,0,4,0,2,0,2,0,0,0,0,0,0
129,Harold Altman,30,0,0,0,0,0,0,0,0,0,0,0,0,0,0,0,0,0,0,0,0,0,5,25,0,0,0,0,0,0,0,0,0,0,0,0
135,Manuel álvarez Bravo,47,0,0,0,0,0,0,0,0,0,0,0,0,0,0,0,1,16,9,5,1,2,2,2,4,2,3,0,0,0,0,0,0,0,0,0
153,Emma Amos,6,0,0,0,0,0,0,0,0,0,0,0,0,0,0,0,0,0,0,0,0,0,0,0,0,3,0,0,1,0,0,0,2,0,0,0
174,Carl Andre,67,0,0,0,0,0,0,0,0,0,0,0,0,0,0,0,0,0,0,0,0,0,3,15,11,9,5,23,0,0,0,1,0,0,0,0
190,Thomas Annan,48,0,0,0,36,0,0,0,1,0,10,1,0,0,0,0,0,0,0,0,0,0,0,0,0,0,0,0,0,0,0,0,0,0,0,0
194,Horst Antes,72,0,0,0,0,0,0,0,0,0,0,0,0,0,0,0,0,0,0,0,0,0,0,35,37,0,0,0,0,0,0,0,0,0,0,0
196,Stephen Antonakos,69,0,0,0,0,0,0,0,0,0,0,0,0,0,0,0,0,0,0,0,0,0,0,0,2,0,3,62,2,0,0,0,0,0,0,0
198,Garo Antreasian,69,0,0,0,0,0,0,0,0,0,0,0,0,0,0,0,0,0,0,0,0,0,0,30,39,0,0,0,0,0,0,0,0,0,0,0
200,Richard Anuszkiewicz,23,0,0,0,0,0,0,0,0,0,0,0,0,0,0,0,0,0,0,0,0,0,0,2,6,12,2,0,0,0,1,0,0,0,0,0
207,Shusaku Arakawa,26,0,0,0,0,0,0,0,0,0,0,0,0,0,0,0,0,0,0,0,0,0,0,0,3,12,2,0,0,9,0,0,0,0,0,0
208,Diane Arbus,79,0,0,0,0,0,0,0,0,0,0,0,0,0,0,0,0,0,0,0,0,0,0,21,44,14,0,0,0,0,0,0,0,0,0,0
209,Aleksandr Archipenko,24,0,0,0,0,0,0,0,0,0,0,0,0,5,0,6,0,0,0,0,0,0,0,13,0,0,0,0,0,0,0,0,0,0,0,0
229,Eugène Atget,2725,0,0,0,0,12,0,0,0,0,270,774,385,657,70,391,165,0,0,0,0,0,1,0,0,0,0,0,0,0,0,0,0,0,0,0
248,Richard Avedon,59,0,0,0,0,0,0,0,0,0,0,0,0,0,0,0,0,0,0,0,8,5,11,9,12,6,5,2,0,0,0,1,0,0,0,0
255,Ay-O,43,0,0,0,0,0,0,0,0,0,0,0,0,0,0,0,0,0,0,0,0,0,0,10,12,18,3,0,0,0,0,0,0,0,0,0
272,Francis Bacon,4,0,0,0,0,0,0,0,0,0,0,0,0,0,0,0,0,0,0,0,0,2,1,0,0,0,0,0,0,1,0,0,0,0,0,0
273,Peggy Bacon,33,0,0,0,0,0,0,0,0,0,0,0,0,0,6,2,16,9,0,0,0,0,0,0,0,0,0,0,0,0,0,0,0,0,0,0
278,Libero Badii,33,0,0,0,0,0,0,0,0,0,0,0,0,0,0,0,0,0,0,0,0,0,0,9,24,0,0,0,0,0,0,0,0,0,0,0
289,William Bailey,4,0,0,0,0,0,0,0,0,0,0,0,0,0,0,0,0,0,0,0,0,0,0,0,0,0,2,2,0,0,0,0,0,0,0,0
292,Enrico Baj,56,0,0,0,0,0,0,0,0,0,0,0,0,0,0,1,0,0,0,0,0,0,0,14,40,1,0,0,0,0,0,0,0,0,0,0
304,John Baldessari,62,0,0,0,0,0,0,0,0,0,0,0,0,0,0,0,0,0,0,0,0,0,0,0,1,12,9,1,8,8,1,13,5,1,3,0
318,Lewis Baltz,35,0,0,0,0,0,0,0,0,0,0,0,0,0,0,0,0,0,0,0,0,0,0,0,3,32,0,0,0,0,0,0,0,0,0,0
322,Walter Darby Bannard,6,0,0,0,0,0,0,0,0,0,0,0,0,0,0,0,0,0,0,0,0,0,0,1,3,0,2,0,0,0,0,0,0,0,0,0
335,Ernst Barlach,101,0,0,0,0,0,0,0,0,0,0,0,0,28,26,40,4,3,0,0,0,0,0,0,0,0,0,0,0,0,0,0,0,0,0,0
336,George Barnard,53,0,0,52,1,0,0,0,0,0,0,0,0,0,0,0,0,0,0,0,0,0,0,0,0,0,0,0,0,0,0,0,0,0,0,0
352,Robert Barry,23,0,0,0,0,0,0,0,0,0,0,0,0,0,0,0,0,0,0,0,0,0,0,0,13,3,3,2,0,0,1,0,1,0,0,0
364,Bernard Baschet,1,0,0,0,0,0,0,0,0,0,0,0,0,0,0,0,0,0,0,0,0,0,1,0,0,0,0,0,0,0,0,0,0,0,0,0
366,Georg Baselitz,116,0,0,0,0,0,0,0,0,0,0,0,0,0,0,0,0,0,0,0,0,0,1,4,10,4,6,11,47,32,0,0,1,0,0,0
369,Leonard Baskin,242,0,0,0,0,0,0,0,0,0,0,0,0,0,0,0,0,0,0,0,2,95,129,10,0,0,0,6,0,0,0,0,0,0,0,0
370,Jean-Michel Basquiat,1,0,0,0,0,0,0,0,0,0,0,0,0,0,0,0,0,0,0,0,0,0,0,0,0,0,0,1,0,0,0,0,0,0,0,0
392,Willi Baumeister,27,0,0,0,0,0,0,0,0,0,0,0,0,0,0,3,4,2,1,1,13,2,1,0,0,0,0,0,0,0,0,0,0,0,0,0
393,Lothar Baumgarten,4,0,0,0,0,0,0,0,0,0,0,0,0,0,0,0,0,0,0,0,0,0,0,0,1,0,0,1,2,0,0,0,0,0,0,0
398,Hippolyte Bayard,26,0,0,0,0,0,0,0,0,0,0,0,0,0,0,0,0,0,0,0,0,0,0,0,0,0,0,0,0,0,0,0,0,0,0,0
399,Herbert Bayer,129,0,0,0,0,0,0,0,0,0,0,1,0,0,0,21,48,25,11,4,1,2,2,2,11,1,0,0,0,0,0,0,0,0,0,0
416,Felice Beato,91,0,2,89,0,0,0,0,0,0,0,0,0,0,0,0,0,0,0,0,0,0,0,0,0,0,0,0,0,0,0,0,0,0,0,0
420,André Beaudin,26,0,0,0,0,0,0,0,0,0,0,0,0,0,0,0,0,0,22,0,0,1,1,0,2,0,0,0,0,0,0,0,0,0,0,0
422,Bernd Becher,15,0,0,0,0,0,0,0,0,0,0,0,0,0,0,0,0,0,0,0,0,0,1,1,2,4,3,2,1,0,1,0,0,0,0,0
429,Max Beckmann,208,0,0,0,0,0,0,0,0,0,0,0,3,20,60,92,2,1,8,2,20,0,0,0,0,0,0,0,0,0,0,0,0,0,0,0
430,Francis Bedford,27,0,4,8,14,0,0,0,0,1,0,0,0,0,0,0,0,0,0,0,0,0,0,0,0,0,0,0,0,0,0,0,0,0,0,0
451,Mario Bellini,27,0,0,0,0,0,0,0,0,0,0,0,0,0,0,0,0,0,0,0,0,0,0,0,5,9,5,1,5,2,0,0,0,0,0,0
452,Hans Bellmer,28,0,0,0,0,0,0,0,0,0,0,0,0,0,0,0,0,0,4,0,6,2,2,0,14,0,0,0,0,0,0,0,0,0,0,0
455,George Bellows,7,0,0,0,0,0,0,0,0,0,0,0,1,0,3,3,0,0,0,0,0,0,0,0,0,0,0,0,0,0,0,0,0,0,0,0
472,Billy Al Bengston,55,0,0,0,0,0,0,0,0,0,0,0,0,0,0,0,0,0,0,0,0,0,0,1,53,0,0,1,0,0,0,0,0,0,0,0
483,Thomas Hart Benton,9,0,0,0,0,0,0,0,0,0,0,0,0,0,0,0,1,2,3,1,2,0,0,0,0,0,0,0,0,0,0,0,0,0,0,0
484,Roloff Beny,23,0,0,0,0,0,0,0,0,0,0,0,0,0,0,0,0,0,0,0,22,1,0,0,0,0,0,0,0,0,0,0,0,0,0,0
486,Christian Bérard,77,0,0,0,0,0,0,0,0,0,0,0,0,0,0,0,0,1,0,0,76,0,0,0,0,0,0,0,0,0,0,0,0,0,0,0
502,Eugene Berman,77,0,0,0,0,0,0,0,0,0,0,0,0,0,0,0,0,10,10,3,46,5,0,1,1,1,0,0,0,0,0,0,0,0,0,0
511,émile Bernard,628,0,0,0,0,0,0,1,2,2,0,0,0,0,176,0,325,122,0,0,0,0,0,0,0,0,0,0,0,0,0,0,0,0,0,0
540,Joseph Beuys,83,0,0,0,0,0,0,0,0,0,0,0,0,0,0,0,0,0,0,0,1,3,3,9,9,37,7,7,7,0,0,0,0,0,0,0
542,Thomas Bewick,324,0,0,0,0,0,0,0,0,0,0,0,0,0,0,0,0,0,0,0,0,0,0,0,0,0,0,0,0,0,0,0,0,0,0,0
559,Max Bill,39,0,0,0,0,0,0,0,0,0,0,3,0,0,0,0,0,13,3,4,5,2,4,1,1,2,1,0,0,0,0,0,0,0,0,0
561,Ilse Bing,37,0,0,0,0,0,0,0,0,0,0,0,0,0,0,0,2,20,7,0,0,7,1,0,0,0,0,0,0,0,0,0,0,0,0,0
570,Michael Bishop,0,0,0,0,0,0,0,0,0,0,0,0,0,0,0,0,0,0,0,0,0,0,0,0,0,0,0,0,0,0,0,0,0,0,0,0
592,Peter Blake,16,0,0,0,0,0,0,0,0,0,0,0,0,0,0,0,0,0,0,0,0,0,0,1,4,9,0,1,0,0,1,0,0,0,0,0
607,Gay Block,35,0,0,0,0,0,0,0,0,0,0,0,0,0,0,0,0,0,0,0,0,0,0,0,0,0,1,1,33,0,0,0,0,0,0,0
610,Vern Blosum,1,0,0,0,0,0,0,0,0,0,0,0,0,0,0,0,0,0,0,0,0,0,0,1,0,0,0,0,0,0,0,0,0,0,0,0
615,Anna Blume,5,0,0,0,0,0,0,0,0,0,0,0,0,0,0,0,0,0,0,0,0,0,0,1,0,0,0,0,3,0,0,1,0,0,0,0
625,Mel Bochner,47,0,0,0,0,0,0,0,0,0,0,0,0,0,0,0,0,0,0,0,0,0,0,0,12,24,1,0,4,6,0,0,0,0,0,0
630,Alighiero Boetti,102,0,0,0,0,0,0,0,0,0,0,0,0,0,0,0,0,0,0,0,0,0,0,0,89,5,2,2,2,2,0,0,0,0,0,0
640,Karl Bohrmann,34,0,0,0,0,0,0,0,0,0,0,0,0,0,0,0,0,0,0,0,0,0,0,0,34,0,0,0,0,0,0,0,0,0,0,0
647,Jay Bolotin,39,0,0,0,0,0,0,0,0,0,0,0,0,0,0,0,0,0,0,0,0,0,0,0,0,0,0,38,1,0,0,0,0,0,0,0
649,Christian Boltanski,12,0,0,0,0,0,0,0,0,0,0,0,0,0,0,0,0,0,0,0,0,0,0,0,0,1,0,1,2,4,3,1,0,0,0,0
665,Pierre Bonnard,902,0,0,0,0,0,0,0,0,66,58,271,105,4,15,270,56,18,0,2,36,0,1,0,0,0,0,0,0,0,0,0,0,0,0,0
670,Lee Bontecou,38,0,0,0,0,0,0,0,0,0,0,0,0,0,0,0,0,0,0,0,0,0,0,7,20,3,3,3,2,0,0,0,0,0,0,0
689,Richard Bosman,45,0,0,0,0,0,0,0,0,0,0,0,0,0,0,0,0,0,0,0,0,0,0,0,0,0,0,8,37,0,0,0,0,0,0,0
710,Louise Bourgeois,504,0,0,0,0,0,0,0,0,0,0,0,0,0,0,0,0,0,5,9,53,1,0,1,1,7,2,4,31,47,89,116,122,16,0,0
712,Margaret Bourke-White,59,0,0,0,0,0,0,0,0,0,0,0,0,0,0,1,3,10,43,1,1,0,0,0,0,0,0,0,0,0,0,0,0,0,0,0
734,Mathew B. Brady (studio of),55,1,1,40,9,3,0,0,0,0,0,0,0,0,0,0,0,0,0,0,0,0,0,0,0,0,0,0,0,0,0,0,0,0,0,0
738,Constantin Brancu?i,26,0,0,0,0,0,0,0,0,1,0,0,0,4,4,10,3,3,1,0,0,0,0,0,0,0,0,0,0,0,0,0,0,0,0,0
740,Bill Brandt,76,0,0,0,0,0,0,0,0,0,0,0,0,0,0,0,0,10,20,9,17,4,8,8,0,0,0,0,0,0,0,0,0,0,0,0
744,Georges Braque,166,0,0,0,0,0,0,0,0,0,1,0,5,11,0,5,1,33,1,1,55,21,17,15,0,0,0,0,0,0,0,0,0,0,0,0
745,Brassa? (Gyula Halász),87,0,0,0,0,0,0,0,0,0,0,0,0,0,0,0,0,52,10,9,7,5,4,0,0,0,0,0,0,0,0,0,0,0,0,0
756,George Brecht,160,0,0,0,0,0,0,0,0,0,0,0,0,0,0,0,0,0,0,0,0,0,1,72,66,7,7,4,0,0,0,2,1,0,0,0
768,André Breton,24,0,0,0,0,0,0,0,0,0,0,0,0,0,1,0,0,0,0,23,0,0,0,0,0,0,0,0,0,0,0,0,0,0,0,0
769,Marcel Breuer,24,0,0,0,0,0,0,0,0,0,0,0,0,0,0,0,17,4,3,0,0,0,0,0,0,0,0,0,0,0,0,0,0,0,0,0
771,William Brice,24,0,0,0,0,0,0,0,0,0,0,0,0,0,0,0,0,0,0,0,1,0,2,19,1,0,0,0,1,0,0,0,0,0,0,0
795,Marcel Broodthaers,74,0,0,0,0,0,0,0,0,0,0,0,0,0,0,0,0,0,0,0,0,3,1,5,30,30,5,0,0,0,0,0,0,0,0,0
806,James Brown,63,0,0,0,0,0,0,0,0,0,0,0,0,0,0,0,0,0,0,0,0,0,0,0,0,0,0,32,27,4,0,0,0,0,0,0
811,Roger Brown,25,0,0,0,0,0,0,0,0,0,0,0,0,0,0,0,0,0,0,0,0,0,0,0,0,0,1,21,1,2,0,0,0,0,0,0
816,Robert Brownjohn,84,0,0,0,0,0,0,0,0,0,0,0,0,0,0,0,0,0,0,0,0,37,22,15,10,0,0,0,0,0,0,0,0,0,0,0
826,William Brui,25,0,0,0,0,0,0,0,0,0,0,0,0,0,0,0,0,0,0,0,0,0,0,0,25,0,0,0,0,0,0,0,0,0,0,0
833,Günter Brus,41,0,0,0,0,0,0,0,0,0,0,0,0,0,0,0,0,0,0,0,0,0,0,11,14,2,0,1,12,0,0,1,0,0,0,0
853,Eugene Buechel,41,0,0,0,0,0,0,0,0,0,0,0,0,0,0,6,16,9,6,3,0,0,0,0,0,0,1,0,0,0,0,0,0,0,0,0
861,Wynn Bullock,34,0,0,0,0,0,0,0,0,0,0,0,0,0,0,0,0,0,0,0,0,11,14,0,5,4,0,0,0,0,0,0,0,0,0,0
869,Max Burchartz,38,0,0,0,0,0,0,0,0,0,0,0,0,0,0,3,24,11,0,0,0,0,0,0,0,0,0,0,0,0,0,0,0,0,0,0
871,Chris Burden,16,0,0,0,0,0,0,0,0,0,0,0,0,0,0,0,0,0,0,0,0,0,0,0,0,4,5,2,0,1,0,1,3,0,0,0
873,Daniel Buren,46,0,0,0,0,0,0,0,0,0,0,0,0,0,0,0,0,0,0,0,0,0,0,0,4,10,3,26,0,0,0,3,0,0,0,0
877,David Burliuk,24,0,0,0,0,0,0,0,0,0,0,0,0,18,5,0,1,0,0,0,0,0,0,0,0,0,0,0,0,0,0,0,0,0,0,0
879,Edward Burne-Jones,89,0,0,0,0,0,0,0,0,87,2,0,0,0,0,0,0,0,0,0,0,0,0,0,0,0,0,0,0,0,0,0,0,0,0,0
890,Pol Bury,35,0,0,0,0,0,0,0,0,0,0,0,0,0,0,0,0,0,0,0,0,0,0,2,15,1,2,15,0,0,0,0,0,0,0,0
909,Paul Cadmus,34,0,0,0,0,0,0,0,0,0,0,0,0,0,0,0,0,2,25,5,2,0,0,0,0,0,0,0,0,0,0,0,0,0,0,0
912,John Cage,76,0,0,0,0,0,0,0,0,0,0,0,0,0,0,0,0,0,0,1,0,1,5,4,18,11,2,28,2,3,0,0,1,0,0,0
914,Miriam Cahn,2,0,0,0,0,0,0,0,0,0,0,0,0,0,0,0,0,0,0,0,0,0,0,0,0,0,0,1,0,0,0,0,1,0,0,0
922,Alexander Calder,256,0,0,0,0,0,0,0,0,0,0,0,0,0,0,0,6,62,8,93,5,0,58,8,13,2,1,0,0,0,0,0,0,0,0,0
924,Harry Callahan,41,0,0,0,0,0,0,0,0,0,0,0,0,0,0,0,0,0,0,7,12,9,6,1,2,3,1,0,0,0,0,0,0,0,0,0
934,Luis Camnitzer,39,0,0,0,0,0,0,0,0,0,0,0,0,0,0,0,0,0,0,0,0,0,2,0,3,0,1,32,0,0,0,0,1,0,0,0
942,Massimo Campigli,31,0,0,0,0,0,0,0,0,0,0,0,0,0,0,0,0,1,0,15,10,5,0,0,0,0,0,0,0,0,0,0,0,0,0,0
952,Rafael Canogar,30,0,0,0,0,0,0,0,0,0,0,0,0,0,0,0,0,0,0,0,0,0,0,0,26,0,0,4,0,0,0,0,0,0,0,0
956,Robert Capa,5,0,0,0,0,0,0,0,0,0,0,0,0,0,0,0,0,1,1,2,1,0,0,0,0,0,0,0,0,0,0,0,0,0,0,0
959,Alfred Capel Cure,141,43,98,0,0,0,0,0,0,0,0,0,0,0,0,0,0,0,0,0,0,0,0,0,0,0,0,0,0,0,0,0,0,0,0,0
1000,Henri Cartier-Bresson,175,0,0,0,0,0,0,0,0,0,0,0,0,0,0,0,1,38,4,4,19,14,18,41,33,0,2,0,1,0,0,0,0,0,0,0
1003,Carybé (Hector Bernabó),47,0,0,0,0,0,0,0,0,0,0,0,0,0,0,0,0,0,0,0,0,0,47,0,0,0,0,0,0,0,0,0,0,0,0,0
1015,A. M. Cassandre,41,0,0,0,0,0,0,0,0,0,0,1,0,0,0,0,11,20,9,0,0,0,0,0,0,0,0,0,0,0,0,0,0,0,0,0
1016,Mary Cassatt,3,0,0,0,0,0,0,1,0,0,2,0,0,0,0,0,0,0,0,0,0,0,0,0,0,0,0,0,0,0,0,0,0,0,0,0
1037,Elizabeth Catlett,5,0,0,0,0,0,0,0,0,0,0,0,0,0,0,0,0,0,0,0,1,0,0,0,1,0,1,0,1,1,0,0,0,0,0,0
1048,Vija Celmins,41,0,0,0,0,0,0,0,0,0,0,0,0,0,0,0,0,0,0,0,0,0,0,1,6,6,1,6,1,7,3,4,3,1,2,0
1053,Paul Cézanne,20,0,0,0,0,1,2,0,2,1,7,4,0,2,0,0,1,0,0,0,0,0,0,0,0,0,0,0,0,0,0,0,0,0,0,0
1055,Marc Chagall,972,0,0,0,0,0,0,0,0,0,0,0,0,5,5,210,282,119,1,240,20,21,13,0,25,0,31,0,0,0,0,0,0,0,0,0
1063,Martín Chambi,30,0,0,0,0,0,0,0,0,0,0,0,0,0,0,2,7,16,3,1,1,0,0,0,0,0,0,0,0,0,0,0,0,0,0,0
1074,Jean Charlot,110,0,0,0,0,0,0,0,0,0,0,0,0,0,0,9,7,78,2,13,1,0,0,0,0,0,0,0,0,0,0,0,0,0,0,0
1081,Roger Chastel,91,0,0,0,0,0,0,0,0,0,0,0,0,0,0,0,0,0,0,0,91,0,0,0,0,0,0,0,0,0,0,0,0,0,0,0
1084,José Chávez Morado,34,0,0,0,0,0,0,0,0,0,0,0,0,0,0,0,0,0,16,15,1,1,0,0,0,1,0,0,0,0,0,0,0,0,0,0
1091,Ivan Chermayeff,42,0,0,0,0,0,0,0,0,0,0,0,0,0,0,0,0,0,0,0,0,2,15,7,0,8,7,3,0,0,0,0,0,0,0,0
1104,Eduardo Chillida,29,0,0,0,0,0,0,0,0,0,0,0,0,0,0,0,0,0,0,0,0,0,0,0,9,1,5,4,10,0,0,0,0,0,0,0
1106,Giorgio de Chirico,111,0,0,0,0,0,0,0,0,0,0,0,0,9,8,2,9,82,1,0,0,0,0,0,0,0,0,0,0,0,0,0,0,0,0,0
1112,William Christenberry,15,0,0,0,0,0,0,0,0,0,0,0,0,0,0,0,0,0,0,0,0,0,0,0,0,0,3,5,3,0,1,3,0,0,0,0
1114,Christo,32,0,0,0,0,0,0,0,0,0,0,0,0,0,0,0,0,0,0,0,0,0,0,3,14,7,1,2,4,0,1,0,0,0,0,0
1118,Chryssa,25,0,0,0,0,0,0,0,0,0,0,0,0,0,0,0,0,0,0,0,0,0,2,12,8,1,2,0,0,0,0,0,0,0,0,0
1123,Michael Ciavolino,1,0,0,0,0,0,0,0,0,0,0,0,0,0,0,0,0,0,0,0,0,0,0,1,0,0,0,0,0,0,0,0,0,0,0,0
1125,Roman Cieslewicz,26,0,0,0,0,0,0,0,0,0,0,0,0,0,0,0,0,0,0,0,0,0,7,9,4,3,1,2,0,0,0,0,0,0,0,0
1133,Larry Clark,25,0,0,0,0,0,0,0,0,0,0,0,0,0,0,0,0,0,0,0,0,0,0,24,0,1,0,0,0,0,0,0,0,0,0,0
1145,Francesco Clemente,75,0,0,0,0,0,0,0,0,0,0,0,0,0,0,0,0,0,0,0,0,0,0,0,0,0,2,54,5,12,2,0,0,0,0,0
1156,Chuck Close,39,0,0,0,0,0,0,0,0,0,0,0,0,0,0,0,0,0,0,0,0,0,0,0,1,3,7,2,4,3,4,11,4,0,0,0
1164,Alvin Langdon Coburn,32,0,0,0,0,0,0,0,0,0,0,1,10,18,3,0,0,0,0,0,0,0,0,0,0,0,0,0,0,0,0,0,0,0,0,0
1184,Warrington Colescott,12,0,0,0,0,0,0,0,0,0,0,0,0,0,0,0,0,0,0,0,0,0,0,2,1,9,0,0,0,0,0,0,0,0,0,0
1192,André Collot,42,0,0,0,0,0,0,0,0,0,0,0,0,0,0,0,0,0,0,42,0,0,0,0,0,0,0,0,0,0,0,0,0,0,0,0
1198,Robert Colquhoun,26,0,0,0,0,0,0,0,0,0,0,0,0,0,0,0,1,0,0,0,24,1,0,0,0,0,0,0,0,0,0,0,0,0,0,0
1215,Bruce Conner,52,0,0,0,0,0,0,0,0,0,0,0,0,0,0,0,0,0,0,0,0,0,4,4,13,6,3,1,1,18,0,1,1,0,0,0
1243,Lovis Corinth,172,0,0,0,0,0,0,0,0,0,2,2,2,28,44,90,4,0,0,0,0,0,0,0,0,0,0,0,0,0,0,0,0,0,0,0
1247,Joseph Cornell,19,0,0,0,0,0,0,0,0,0,0,0,0,0,0,0,0,2,1,3,0,4,1,2,1,5,0,0,0,0,0,0,0,0,0,0
1260,Marie Cosindas,2,0,0,0,0,0,0,0,0,0,0,0,0,0,0,0,0,0,0,0,0,0,0,0,2,0,0,0,0,0,0,0,0,0,0,0
1277,Robert Couturier,24,0,0,0,0,0,0,0,0,0,0,0,0,0,0,0,0,0,0,0,24,0,0,0,0,0,0,0,0,0,0,0,0,0,0,0
1285,Douglas Craft,0,0,0,0,0,0,0,0,0,0,0,0,0,0,0,0,0,0,0,0,0,0,0,0,0,0,0,0,0,0,0,0,0,0,0,0
1286,Tony Cragg,5,0,0,0,0,0,0,0,0,0,0,0,0,0,0,0,0,0,0,0,0,0,0,0,0,0,0,1,4,0,0,0,0,0,0,0
1292,Barbara Crane,1,0,0,0,0,0,0,0,0,0,0,0,0,0,0,0,0,0,0,0,0,0,0,0,0,0,1,0,0,0,0,0,0,0,0,0
1293,Meg Cranston,69,0,0,0,0,0,0,0,0,0,0,0,0,0,0,0,0,0,0,0,0,0,0,0,0,0,0,0,5,0,64,0,0,0,0,0
1310,George P. Critcherson,138,0,0,0,138,0,0,0,0,0,0,0,0,0,0,0,0,0,0,0,0,0,0,0,0,0,0,0,0,0,0,0,0,0,0,0
1325,José Luis Cuevas,76,0,0,0,0,0,0,0,0,0,0,0,0,0,0,0,0,0,0,0,0,2,3,13,41,11,0,6,0,0,0,0,0,0,0,0
1330,Robert Cumming,60,0,0,0,0,0,0,0,0,0,0,0,0,0,0,0,0,0,0,0,0,0,0,0,2,24,30,1,3,0,0,0,0,0,0,0
1332,Imogen Cunningham,32,0,0,0,0,0,0,0,0,0,0,0,0,1,0,2,4,13,6,0,0,2,3,0,0,0,1,0,0,0,0,0,0,0,0,0
1349,Allan D'Arcangelo,28,0,0,0,0,0,0,0,0,0,0,0,0,0,0,0,0,0,0,0,0,0,0,3,23,0,2,0,0,0,0,0,0,0,0,0
1364,Salvador Dalí,82,0,0,0,0,0,0,0,0,0,0,0,0,0,0,0,1,52,6,0,0,23,0,0,0,0,0,0,0,0,0,0,0,0,0,0
1379,Joseph Dankowski,25,0,0,0,0,0,0,0,0,0,0,0,0,0,0,0,0,0,0,0,0,0,0,0,5,20,0,0,0,0,0,0,0,0,0,0
1402,Arthur B. Davies,62,0,0,0,0,0,0,0,0,0,0,0,0,1,44,16,1,0,0,0,0,0,0,0,0,0,0,0,0,0,0,0,0,0,0,0
1412,Stuart Davis,23,0,0,0,0,0,0,0,0,0,0,0,1,1,1,2,4,9,2,1,0,1,0,1,0,0,0,0,0,0,0,0,0,0,0,0
1433,Walter De Maria,12,0,0,0,0,0,0,0,0,0,0,0,0,0,0,0,0,0,0,0,0,0,0,7,4,1,0,0,0,0,0,0,0,0,0,0
1444,Niki de Saint Phalle,7,0,0,0,0,0,0,0,0,0,0,0,0,0,0,0,0,0,0,0,0,0,0,1,5,1,0,0,0,0,0,0,0,0,0,0
1447,Nicolas de Sta?l,23,0,0,0,0,0,0,0,0,0,0,0,0,0,0,0,0,0,0,0,0,19,0,0,4,0,0,0,0,0,0,0,0,0,0,0
1453,Captain William de Wiveleslie Abney,40,0,0,0,0,0,40,0,0,0,0,0,0,0,0,0,0,0,0,0,0,0,0,0,0,0,0,0,0,0,0,0,0,0,0,0
1479,Robert Delaunay,52,0,0,0,0,0,0,0,0,0,0,0,1,4,2,2,36,0,5,0,0,2,0,0,0,0,0,0,0,0,0,0,0,0,0,0
1480,Sonia Delaunay-Terk,54,0,0,0,0,0,0,0,0,0,0,0,0,2,1,27,3,0,0,2,0,4,1,3,10,1,0,0,0,0,0,0,0,0,0,0
1492,Maurice Denis,494,0,0,0,0,0,0,0,71,256,15,1,0,3,0,1,0,0,71,76,0,0,0,0,0,0,0,0,0,0,0,0,0,0,0,0
1500,André Derain,557,0,0,0,0,0,0,0,0,0,0,0,105,4,9,73,45,70,16,147,2,60,24,0,2,0,0,0,0,0,0,0,0,0,0,0
1511,Charles Despiau,88,0,0,0,0,0,0,0,0,0,0,0,0,0,0,0,0,37,2,49,0,0,0,0,0,0,0,0,0,0,0,0,0,0,0,0
1520,Walter Dexel,43,0,0,0,0,0,0,0,0,0,0,1,0,0,0,8,31,2,0,0,0,1,0,0,0,0,0,0,0,0,0,0,0,0,0,0
1533,Jan Dibbets,40,0,0,0,0,0,0,0,0,0,0,0,0,0,0,0,0,0,0,0,0,0,0,0,13,24,1,0,0,0,0,0,0,0,2,0
1539,Richard Diebenkorn,24,0,0,0,0,0,0,0,0,0,0,0,0,0,0,0,0,0,0,0,0,0,0,7,2,0,3,3,2,7,0,0,0,0,0,0
1547,Jim Dine,372,0,0,0,0,0,0,0,0,0,0,0,0,0,0,0,0,0,0,0,0,0,1,48,136,32,26,78,44,3,1,1,0,0,2,0
1559,Otto Dix,93,0,0,0,0,0,0,0,0,0,0,0,0,1,5,82,2,2,0,0,1,0,0,0,0,0,0,0,0,0,0,0,0,0,0,0
1579,Oscar Domínguez,41,0,0,0,0,0,0,0,0,0,0,0,0,0,0,0,0,0,2,0,36,1,1,0,1,0,0,0,0,0,0,0,0,0,0,0
1589,Gustave Doré,103,103,0,0,0,0,0,0,0,0,0,0,0,0,0,0,0,0,0,0,0,0,0,0,0,0,0,0,0,0,0,0,0,0,0,0
1629,Maxime Du Camp,30,4,0,0,0,0,0,0,0,0,0,0,0,0,0,0,0,0,0,0,0,0,0,0,0,0,0,0,0,0,0,0,0,0,0,0
1633,Jean Dubuffet,987,0,0,0,0,0,0,0,0,0,0,0,0,0,0,7,0,0,0,51,181,61,376,158,97,3,34,19,0,0,0,0,0,0,0,0
1634,Marcel Duchamp,122,0,0,0,0,0,0,0,0,0,0,0,5,22,2,3,2,2,2,1,6,4,3,6,64,0,0,0,0,0,0,0,0,0,0,0
1646,Raoul Dufy,527,0,0,0,0,0,0,0,0,1,1,1,1,43,50,59,40,304,20,3,2,2,0,0,0,0,0,0,0,0,0,0,0,0,0,0
1652,Carroll Dunham,79,0,0,0,0,0,0,0,0,0,0,0,0,0,0,0,0,0,0,0,0,0,0,0,0,0,0,2,17,18,2,36,2,2,0,0
1667,Carlus Dyer,0,0,0,0,0,0,0,0,0,0,0,0,0,0,0,0,0,0,0,0,0,0,0,0,0,0,0,0,0,0,0,0,0,0,0,0
1671,Charles Eames,74,0,0,0,0,0,0,0,0,0,0,0,0,0,0,0,0,0,0,25,29,8,5,2,2,3,0,0,0,0,0,0,0,0,0,0
1672,Ray Eames,45,0,0,0,0,0,0,0,0,0,0,0,0,0,0,0,0,0,1,4,23,5,5,2,2,3,0,0,0,0,0,0,0,0,0,0
1686,Edouard-Léon-Louis Edy-Legrand,54,0,0,0,0,0,0,0,0,0,0,0,0,0,0,0,50,4,0,0,0,0,0,0,0,0,0,0,0,0,0,0,0,0,0,0
1690,William Eggleston,72,0,0,0,0,0,0,0,0,0,0,0,0,0,0,0,0,0,0,0,0,0,0,0,12,21,38,1,0,0,0,0,0,0,0,0
1724,Peter Henry Emerson,74,0,0,0,0,0,0,0,74,0,0,0,0,0,0,0,0,0,0,0,0,0,0,0,0,0,0,0,0,0,0,0,0,0,0,0
1739,James Ensor,106,0,0,0,0,0,0,0,23,4,15,10,0,28,1,2,22,1,0,0,0,0,0,0,0,0,0,0,0,0,0,0,0,0,0,0
1750,Hans Erni,81,0,0,0,0,0,0,0,0,0,0,1,0,0,0,1,0,1,1,3,4,58,0,0,0,0,0,0,0,0,0,0,12,0,0,0
1752,Max Ernst,232,0,0,0,0,0,0,0,0,0,0,0,0,0,1,20,37,15,14,8,48,24,18,5,5,37,0,0,0,0,0,0,0,0,0,0
1756,Elliott Erwitt,38,0,0,0,0,0,0,0,0,0,0,0,0,0,0,0,0,0,0,0,1,4,11,18,4,0,0,0,0,0,0,0,0,0,0,0
1777,Walker Evans,219,0,0,0,0,0,0,0,0,0,0,0,0,0,0,0,19,81,94,8,8,2,4,0,2,1,0,0,0,0,0,0,0,0,0,0
1782,Connor Everts,3,0,0,0,0,0,0,0,0,0,0,0,0,0,0,0,0,0,0,0,0,0,0,3,0,0,0,0,0,0,0,0,0,0,0,0
1784,Alexandra Exter,29,0,0,0,0,0,0,0,0,0,0,0,0,5,2,8,14,0,0,0,0,0,0,0,0,0,0,0,0,0,0,0,0,0,0,0
1790,?yvind Fahlstr?m,23,0,0,0,0,0,0,0,0,0,0,0,0,0,0,0,0,0,0,0,0,0,0,3,7,13,0,0,0,0,0,0,0,0,0,0
1815,Jean Fautrier,44,0,0,0,0,0,0,0,0,0,0,0,0,0,0,0,0,0,0,1,40,0,1,2,0,0,0,0,0,0,0,0,0,0,0,0
1818,Louis Favre,23,0,0,0,0,0,0,0,0,0,0,0,0,0,0,0,0,0,0,0,21,1,1,0,0,0,0,0,0,0,0,0,0,0,0,0
1832,Lyonel Feininger,189,0,0,0,0,0,0,0,0,0,0,1,37,14,68,23,13,8,5,8,3,8,1,0,0,0,0,0,0,0,0,0,0,0,0,0
1847,Roger Fenton,23,4,18,1,0,0,0,0,0,0,0,0,0,0,0,0,0,0,0,0,0,0,0,0,0,0,0,0,0,0,0,0,0,0,0,0
1859,León Ferrari,40,0,0,0,0,0,0,0,0,0,0,0,0,0,0,0,0,0,0,0,0,0,0,4,1,0,5,25,1,0,2,2,0,0,0,0
1873,Robert Filliou,78,0,0,0,0,0,0,0,0,0,0,0,0,0,0,0,0,0,0,0,0,0,3,23,33,4,7,7,1,0,0,0,0,0,0,0
1874,Albert M. Fine,30,0,0,0,0,0,0,0,0,0,0,0,0,0,0,0,0,0,0,0,0,0,0,1,29,0,0,0,0,0,0,0,0,0,0,0
1878,Ian Hamilton Finlay,55,0,0,0,0,0,0,0,0,0,0,0,0,0,0,0,0,0,0,0,0,0,0,0,1,3,16,5,6,21,3,0,0,0,0,0
1889,Eric Fischl,23,0,0,0,0,0,0,0,0,0,0,0,0,0,0,0,0,0,0,0,0,0,0,0,0,0,0,2,17,4,0,0,0,0,0,0
1911,Dan Flavin,26,0,0,0,0,0,0,0,0,0,0,0,0,0,0,0,0,0,0,0,0,0,0,3,8,4,11,0,0,0,0,0,0,0,0,0
1930,Lucio Fontana,23,0,0,0,0,0,0,0,0,0,0,0,0,0,0,0,0,0,2,0,0,1,2,5,13,0,0,0,0,0,0,0,0,0,0,0
1965,Sam Francis,56,0,0,0,0,0,0,0,0,0,0,0,0,0,0,0,0,0,0,0,0,1,5,29,11,0,1,2,7,0,0,0,0,0,0,0
1973,Robert Frank,135,0,0,0,0,0,0,0,0,0,0,0,0,0,0,0,0,0,0,0,15,23,61,6,2,6,7,2,1,4,5,1,2,0,0,0
1974,Helen Frankenthaler,54,0,0,0,0,0,0,0,0,0,0,0,0,0,0,0,0,0,0,0,0,1,2,7,21,12,3,2,2,1,1,0,2,0,0,0
1975,Antonio Frasconi,254,0,0,0,0,0,0,0,0,0,0,0,0,0,0,0,0,1,0,0,1,50,65,52,70,1,0,1,0,12,1,0,0,0,0,0
1982,Karl Free,23,0,0,0,0,0,0,0,0,0,0,0,0,0,0,0,0,0,23,0,0,0,0,0,0,0,0,0,0,0,0,0,0,0,0,0
1990,Jared French,24,0,0,0,0,0,0,0,0,0,0,0,0,0,0,0,0,0,23,1,0,0,0,0,0,0,0,0,0,0,0,0,0,0,0,0
1993,Lucian Freud,17,0,0,0,0,0,0,0,0,0,0,0,0,0,0,0,0,0,0,1,2,1,0,0,0,0,0,1,4,3,4,1,0,0,0,0
2002,Lee Friedlander,411,0,0,0,0,0,0,0,0,0,0,0,0,0,0,0,0,0,0,0,0,0,17,26,49,137,69,41,13,23,19,13,3,1,0,0
2007,Ken Friedman,58,0,0,0,0,0,0,0,0,0,0,0,0,0,0,0,0,0,0,0,0,0,0,1,37,9,5,3,1,1,0,1,0,0,0,0
2012,Othon Friesz,45,0,0,0,0,0,0,0,0,0,1,0,0,0,1,2,0,0,0,0,41,0,0,0,0,0,0,0,0,0,0,0,0,0,0,0
2015,Francis Frith,152,1,112,37,0,0,0,0,0,0,0,0,0,0,0,0,0,0,0,0,0,0,0,0,0,0,0,0,0,0,0,0,0,0,0,0
2017,A. G. Fronzoni,55,0,0,0,0,0,0,0,0,0,0,0,0,0,0,0,0,0,0,0,0,0,0,1,17,5,14,11,3,3,0,1,0,0,0,0
2030,R. Buckminster Fuller,34,0,0,0,0,0,0,0,0,0,0,0,0,0,0,0,4,2,0,1,1,1,1,0,1,0,22,1,0,0,0,0,0,0,0,0
2039,Adam Fuss,1,0,0,0,0,0,0,0,0,0,0,0,0,0,0,0,0,0,0,0,0,0,0,0,0,0,0,0,1,0,0,0,0,0,0,0
2043,Naum Gabo,6,0,0,0,0,0,0,0,0,0,0,0,0,0,0,1,0,0,0,1,0,2,0,1,0,0,1,0,0,0,0,0,0,0,0,0
2053,Démétrius Emmanuel Galanis,39,0,0,0,0,0,0,0,0,0,0,0,0,0,0,1,0,0,38,0,0,0,0,0,0,0,0,0,0,0,0,0,0,0,0,0
2065,Abram Games,47,0,0,0,0,0,0,0,0,0,0,3,0,0,0,0,0,0,11,26,3,3,0,0,0,0,1,0,0,0,0,0,0,0,0,0
2079,Alexander Gardner,100,0,0,80,20,0,0,0,0,0,0,0,0,0,0,0,0,0,0,0,0,0,0,0,0,0,0,0,0,0,0,0,0,0,0,0
2098,Paul Gauguin,29,0,0,0,0,0,0,0,5,18,4,2,0,0,0,0,0,0,0,0,0,0,0,0,0,0,0,0,0,0,0,0,0,0,0,0
2104,Sonia Gechtoff,12,0,0,0,0,0,0,0,0,0,0,0,0,0,0,0,0,0,0,0,0,0,0,9,0,0,3,0,0,0,0,0,0,0,0,0
2107,Gego (Gertrud Goldschmidt),33,0,0,0,0,0,0,0,0,0,0,0,0,0,0,0,0,0,0,0,0,0,0,4,15,10,0,1,2,1,0,0,0,0,0,0
2115,Hugo Gellert,83,0,0,0,0,0,0,0,0,0,0,0,0,0,0,0,0,63,0,20,0,0,0,0,0,0,0,0,0,0,0,0,0,0,0,0
2118,Juan Genovés,1,0,0,0,0,0,0,0,0,0,0,0,0,0,0,0,0,0,0,0,0,0,0,0,1,0,0,0,0,0,0,0,0,0,0,0
2122,George Passmore,50,0,0,0,0,0,0,0,0,0,0,0,0,0,0,0,0,0,0,0,0,0,0,0,2,34,9,3,2,0,0,0,0,0,0,0
2141,Alberto Giacometti,95,0,0,0,0,0,0,0,0,0,0,1,0,0,0,1,2,14,2,0,17,13,9,31,5,0,0,0,0,0,0,0,0,0,0,0
2158,Eric Gill,24,0,0,0,0,0,0,0,0,0,0,0,0,0,0,0,0,24,0,0,0,0,0,0,0,0,0,0,0,0,0,0,0,0,0,0
2171,John Giorno,5,0,0,0,0,0,0,0,0,0,0,0,0,0,0,0,0,0,0,0,0,0,0,0,3,0,1,1,0,0,0,0,0,0,0,0
2186,Fritz Glarner,29,0,0,0,0,0,0,0,0,0,0,0,0,1,0,0,0,0,0,0,1,1,7,18,1,0,0,0,0,0,0,0,0,0,0,0
2191,Albert Gleizes,27,0,0,0,0,0,0,0,0,0,0,0,1,5,0,15,0,0,0,0,5,1,0,0,0,0,0,0,0,0,0,0,0,0,0,0
2206,Vincent van Gogh,6,0,0,0,0,0,0,1,4,1,0,0,0,0,0,0,0,0,0,0,0,0,0,0,0,0,0,0,0,0,0,0,0,0,0,0
2207,Frank Gohlke,48,0,0,0,0,0,0,0,0,0,0,0,0,0,0,0,0,0,0,0,0,0,0,0,0,6,14,22,3,3,0,0,0,0,0,0
2214,David Goldblatt,48,0,0,0,0,0,0,0,0,0,0,0,0,0,0,0,0,0,0,0,0,0,0,2,3,9,2,5,7,4,1,12,3,0,0,0
2223,Leon Golub,41,0,0,0,0,0,0,0,0,0,0,0,0,0,0,0,0,0,0,0,0,1,0,0,27,3,0,1,5,2,2,0,0,0,0,0
2228,Leonel Gongora,29,0,0,0,0,0,0,0,0,0,0,0,0,0,0,0,0,0,0,0,0,0,0,1,0,0,0,0,28,0,0,0,0,0,0,0
2229,Natalia Goncharova,138,0,0,0,0,0,0,0,0,0,0,0,0,125,5,4,1,0,1,0,0,0,0,2,0,0,0,0,0,0,0,0,0,0,0,0
2233,Felix Gonzalez-Torres,14,0,0,0,0,0,0,0,0,0,0,0,0,0,0,0,0,0,0,0,0,0,0,0,0,0,0,0,1,12,1,0,0,0,0,0
2244,John Goodyear,3,0,0,0,0,0,0,0,0,0,0,0,0,0,0,0,0,0,0,0,0,0,0,0,2,0,0,0,0,0,1,0,0,0,0,0
2252,Arshile Gorky,16,0,0,0,0,0,0,0,0,0,0,0,0,0,0,0,1,5,2,3,5,0,0,0,0,0,0,0,0,0,0,0,0,0,0,0
2274,Francisco de Goya,180,0,0,1,0,0,0,0,0,0,0,1,0,0,0,0,0,0,0,0,0,0,0,0,0,0,0,0,0,0,0,0,0,0,0,0
2281,Dan Graham,38,0,0,0,0,0,0,0,0,0,0,0,0,0,0,0,0,0,0,0,0,0,0,0,18,10,3,2,0,0,0,4,0,0,1,0
2286,Paul Graham,42,0,0,0,0,0,0,0,0,0,0,0,0,0,0,0,0,0,0,0,0,0,0,0,0,0,0,38,2,0,0,0,1,1,0,0
2337,Helmut A. P. Grieshaber,39,0,0,0,0,0,0,0,0,0,0,2,0,0,0,0,0,0,0,0,13,2,0,22,0,0,0,0,0,0,0,0,0,0,0,0
2349,Juan Gris,55,0,0,0,0,0,0,0,0,0,0,0,2,5,5,17,22,0,0,0,3,0,1,0,0,0,0,0,0,0,0,0,0,0,0,0
2350,Laura Grisi,1,0,0,0,0,0,0,0,0,0,0,0,0,0,0,0,0,0,0,0,0,0,0,0,0,0,1,0,0,0,0,0,0,0,0,0
2357,Red Grooms,24,0,0,0,0,0,0,0,0,0,0,0,0,0,0,0,0,0,0,0,0,0,0,3,2,14,4,1,0,0,0,0,0,0,0,0
2360,William Gropper,79,0,0,0,0,0,0,0,0,0,0,0,0,0,0,0,0,1,3,0,0,51,0,0,24,0,0,0,0,0,0,0,0,0,0,0
2374,George Grosz,233,0,0,0,0,0,0,0,0,0,0,0,0,4,29,129,8,4,57,0,0,0,2,0,0,0,0,0,0,0,0,0,0,0,0,0
2419,Philip Guston,49,0,0,0,0,0,0,0,0,0,0,0,0,0,0,0,0,0,0,1,2,2,3,2,16,6,9,8,0,0,0,0,0,0,0,0
2435,Terry Haass,22,0,0,0,0,0,0,0,0,0,0,0,0,0,0,0,0,0,0,0,0,1,7,13,1,0,0,0,0,0,0,0,0,0,0,0
2453,Johann Hahn,29,0,0,0,0,29,0,0,0,0,0,0,0,0,0,0,0,0,0,0,0,0,0,0,0,0,0,0,0,0,0,0,0,0,0,0
2471,Chimei Hamada,5,0,0,0,0,0,0,0,0,0,0,0,0,0,0,0,0,0,0,0,0,5,0,0,0,0,0,0,0,0,0,0,0,0,0,0
2481,Richard Hamilton,52,0,0,0,0,0,0,0,0,0,0,0,0,0,0,0,0,0,0,0,0,0,0,4,14,9,1,18,3,0,2,1,0,0,0,0
2491,Robert Hansen,28,0,0,0,0,0,0,0,0,0,0,0,0,0,0,0,0,0,0,0,0,0,1,21,5,1,0,0,0,0,0,0,0,0,0,0
2503,Chauncey Hare,4,0,0,0,0,0,0,0,0,0,0,0,0,0,0,0,0,0,0,0,0,0,0,0,4,0,0,0,0,0,0,0,0,0,0,0
2505,Keith Haring,2,0,0,0,0,0,0,0,0,0,0,0,0,0,0,0,0,0,0,0,0,0,0,0,0,0,0,0,2,0,0,0,0,0,0,0
2509,Irving Harper,4,0,0,0,0,0,0,0,0,0,0,0,0,0,0,0,0,0,0,0,0,1,0,2,1,0,0,0,0,0,0,0,0,0,0,0
2519,"George Overbury (""Pop"") Hart",82,0,0,0,0,0,0,0,0,0,0,0,0,0,0,31,51,0,0,0,0,0,0,0,0,0,0,0,0,0,0,0,0,0,0,0
2520,Grace Hartigan,33,0,0,0,0,0,0,0,0,0,0,0,0,0,0,0,0,0,0,0,0,6,1,23,3,0,0,0,0,0,0,0,0,0,0,0
2521,Marsden Hartley,7,0,0,0,0,0,0,0,0,0,0,0,0,1,0,2,0,1,0,3,0,0,0,0,0,0,0,0,0,0,0,0,0,0,0,0
2532,Childe Hassam,3,0,0,0,0,0,0,0,0,0,0,0,0,0,1,2,0,0,0,0,0,0,0,0,0,0,0,0,0,0,0,0,0,0,0,0
2544,Raoul Hausmann,20,0,0,0,0,0,0,0,0,0,0,0,0,0,12,1,0,2,0,0,3,0,0,2,0,0,0,0,0,0,0,0,0,0,0,0
2558,Stanley William Hayter,35,0,0,0,0,0,0,0,0,0,0,0,0,0,0,0,0,10,7,4,3,4,1,3,1,2,0,0,0,0,0,0,0,0,0,0
2564,Dave Heath,5,0,0,0,0,0,0,0,0,0,0,0,0,0,0,0,0,0,0,0,0,1,1,3,0,0,0,0,0,0,0,0,0,0,0,0
2566,Milton Elting Hebald,27,0,0,0,0,0,0,0,0,0,0,0,0,0,0,0,0,0,0,0,0,0,0,0,27,0,0,0,0,0,0,0,0,0,0,0
2569,Erich Heckel,75,0,0,0,0,0,0,0,0,0,0,0,6,35,24,6,0,1,0,0,1,1,0,1,0,0,0,0,0,0,0,0,0,0,0,0
2578,Robert Heinecken,51,0,0,0,0,0,0,0,0,0,0,0,0,0,0,0,0,0,0,0,0,0,0,26,2,5,1,2,15,0,0,0,0,0,0,0
2583,Al Held,26,0,0,0,0,0,0,0,0,0,0,0,0,0,0,0,0,0,0,0,0,0,0,2,4,3,1,13,2,1,0,0,0,0,0,0
2591,Geoffrey Hendricks,20,0,0,0,0,0,0,0,0,0,0,0,0,0,0,0,0,0,0,0,0,0,0,1,4,8,7,0,0,0,0,0,0,0,0,0
2600,Barbara Hepworth,4,0,0,0,0,0,0,0,0,0,0,0,0,0,0,0,0,0,2,0,1,0,1,0,0,0,0,0,0,0,0,0,0,0,0,0
2623,Eva Hesse,12,0,0,0,0,0,0,0,0,0,0,0,0,0,0,0,0,0,0,0,0,0,0,2,10,0,0,0,0,0,0,0,0,0,0,0
2637,Dick Higgins,81,0,0,0,0,0,0,0,0,0,0,0,0,0,0,0,0,0,0,0,0,0,13,36,17,8,3,2,1,0,0,1,0,0,0,0
2648,David Octavius Hill,37,0,0,0,0,0,0,0,0,0,0,0,0,0,0,0,0,0,0,0,0,0,0,0,0,0,0,0,0,0,0,0,0,0,0,0
2657,Lewis W. Hine,72,0,0,0,0,0,0,0,0,0,0,0,20,39,6,3,1,3,0,0,0,0,0,0,0,0,0,0,0,0,0,0,0,0,0,0
2675,Hannah H?ch,9,0,0,0,0,0,0,0,0,0,0,0,0,0,1,3,2,1,0,0,0,1,0,1,0,0,0,0,0,0,0,0,0,0,0,0
2678,David Hockney,214,0,0,0,0,0,0,0,0,0,0,0,0,0,0,0,0,0,0,0,0,0,0,34,108,7,52,8,2,0,3,0,0,0,0,0
2679,Howard Hodgkin,20,0,0,0,0,0,0,0,0,0,0,0,0,0,0,0,0,0,0,0,0,0,0,0,0,0,5,4,0,8,0,1,0,0,2,0
2684,Beth Van Hoesen,39,0,0,0,0,0,0,0,0,0,0,0,0,0,0,0,0,0,0,0,0,0,0,0,39,0,0,0,0,0,0,0,0,0,0,0
2697,Armin Hofmann,30,0,0,0,0,0,0,0,0,0,0,1,0,0,0,0,0,0,0,0,0,4,7,14,3,0,0,1,0,0,0,0,0,0,0,0
2698,Hans Hofmann,5,0,0,0,0,0,0,0,0,0,0,0,0,0,0,0,0,0,0,1,1,2,0,1,0,0,0,0,0,0,0,0,0,0,0,0
2700,Ludwig Hohlwein,29,0,0,0,0,0,0,0,0,0,0,0,10,14,2,0,3,0,0,0,0,0,0,0,0,0,0,0,0,0,0,0,0,0,0,0
2714,Jenny Holzer,16,0,0,0,0,0,0,0,0,0,0,0,0,0,0,0,0,0,0,0,0,0,0,0,0,0,1,6,7,1,0,0,1,0,0,0
2716,David Holzman,1,0,0,0,0,0,0,0,0,0,0,0,0,0,0,0,0,0,0,0,0,0,0,0,1,0,0,0,0,0,0,0,0,0,0,0
2717,Lorenzo Homar,33,0,0,0,0,0,0,0,0,0,0,0,0,0,0,0,0,0,0,0,0,14,1,14,3,1,0,0,0,0,0,0,0,0,0,0
2719,Gottfried Honegger,45,0,0,0,0,0,0,0,0,0,0,0,0,0,0,0,0,0,0,0,0,12,8,7,0,0,12,0,6,0,0,0,0,0,0,0
2726,Edward Hopper,20,0,0,0,0,0,0,0,0,0,0,0,0,0,1,14,3,0,1,1,0,0,0,0,0,0,0,0,0,0,0,0,0,0,0,0
2756,Ian (Hugh Guiler) Hugo,44,0,0,0,0,0,0,0,0,0,0,0,0,0,0,0,0,0,0,35,9,0,0,0,0,0,0,0,0,0,0,0,0,0,0,0
2770,John Hunter,26,0,0,0,0,0,0,0,0,0,0,0,0,0,0,0,0,0,0,0,0,0,0,0,26,0,0,0,0,0,0,0,0,0,0,0
2801,Masuo Ikeda,90,0,0,0,0,0,0,0,0,0,0,0,0,0,0,0,0,0,0,0,0,0,0,36,48,5,0,0,0,1,0,0,0,0,0,0
2803,Ikko (Ikko Narahara),11,0,0,0,0,0,0,0,0,0,0,0,0,0,0,0,0,0,0,0,0,0,2,1,0,8,0,0,0,0,0,0,0,0,0,0
2807,J?rg Immendorff,32,0,0,0,0,0,0,0,0,0,0,0,0,0,0,0,0,0,0,0,0,0,0,0,7,1,4,8,2,5,4,1,0,0,0,0
2812,Robert Indiana,50,0,0,0,0,0,0,0,0,0,0,0,0,0,0,0,0,0,0,0,0,0,1,11,19,15,1,0,0,3,0,0,0,0,0,0
2839,Robert Israel,27,0,0,0,0,0,0,0,0,0,0,0,0,0,0,0,0,0,0,0,0,0,0,0,0,3,0,24,0,0,0,0,0,0,0,0
2856,Joseph Jachna,1,0,0,0,0,0,0,0,0,0,0,0,0,0,0,0,0,0,0,0,0,0,0,0,0,0,1,0,0,0,0,0,0,0,0,0
2859,Gerald Jackson,80,0,0,0,0,0,0,0,0,0,0,0,0,0,0,0,0,0,0,0,0,0,0,0,0,80,0,0,0,0,0,0,0,0,0,0
2863,William Henry Jackson,26,0,3,0,5,7,6,3,1,0,0,1,0,0,0,0,0,0,0,0,0,0,0,0,0,0,0,0,0,0,0,0,0,0,0,0
2879,Shirley Jaffe,1,0,0,0,0,0,0,0,0,0,0,0,0,0,0,0,0,0,0,0,0,0,0,0,0,0,0,0,1,0,0,0,0,0,0,0
2893,Alfred Jarry,44,0,0,0,0,0,0,0,0,13,31,0,0,0,0,0,0,0,0,0,0,0,0,0,0,0,0,0,0,0,0,0,0,0,0,0
2896,Alexei Jawlensky,8,0,0,0,0,0,0,0,0,0,0,0,0,1,0,6,0,0,1,0,0,0,0,0,0,0,0,0,0,0,0,0,0,0,0,0
2902,Paul Jenkins,26,0,0,0,0,0,0,0,0,0,0,0,0,0,0,0,0,0,0,0,0,0,0,1,24,1,0,0,0,0,0,0,0,0,0,0
2906,Alfred Jensen,32,0,0,0,0,0,0,0,0,0,0,0,0,0,0,0,0,0,0,0,0,0,1,6,25,0,0,0,0,0,0,0,0,0,0,0
2907,Bill Jensen,59,0,0,0,0,0,0,0,0,0,0,0,0,0,0,0,0,0,0,0,0,0,0,0,0,0,1,16,25,3,1,5,0,8,0,0
2915,Max Jiménez,62,0,0,0,0,0,0,0,0,0,0,0,0,0,0,0,0,0,62,0,0,0,0,0,0,0,0,0,0,0,0,0,0,0,0,0
2923,Jasper Johns,276,0,0,0,0,0,0,0,0,0,0,0,0,0,0,0,0,0,0,0,0,0,2,32,69,33,48,7,45,6,7,6,4,17,0,0
2925,Daniel LaRue Johnson,1,0,0,0,0,0,0,0,0,0,0,0,0,0,0,0,0,0,0,0,0,0,0,1,0,0,0,0,0,0,0,0,0,0,0,0
2928,Ray Johnson,27,0,0,0,0,0,0,0,0,0,0,0,0,0,0,0,0,0,0,0,1,1,2,4,5,8,1,0,4,1,0,0,0,0,0,0
2929,Ynez Johnston,33,0,0,0,0,0,0,0,0,0,0,0,0,0,0,0,0,0,0,0,0,1,0,0,32,0,0,0,0,0,0,0,0,0,0,0
2930,Joan Jonas,23,0,0,0,0,0,0,0,0,0,0,0,0,0,0,0,0,0,0,0,0,0,0,0,0,9,5,4,1,0,1,1,0,1,1,0
2931,Allen Jones,37,0,0,0,0,0,0,0,0,0,0,0,0,0,0,0,0,0,0,0,0,0,0,10,20,3,0,2,0,0,0,0,0,0,2,0
2934,Joe Jones,50,0,0,0,0,0,0,0,0,0,0,0,0,0,0,0,0,0,0,0,0,0,0,8,23,7,3,9,0,0,0,0,0,0,0,0
2943,Asger Jorn,38,0,0,0,0,0,0,0,0,0,0,0,0,0,0,0,0,0,16,0,7,10,0,3,1,1,0,0,0,0,0,0,0,0,0,0
2948,Donald Judd,9,0,0,0,0,0,0,0,0,0,0,0,0,0,0,0,0,0,0,0,0,0,0,4,2,2,1,0,0,0,0,0,0,0,0,0
2963,Frida Kahlo,3,0,0,0,0,0,0,0,0,0,0,0,0,0,0,0,0,0,2,1,0,0,0,0,0,0,0,0,0,0,0,0,0,0,0,0
2964,Louis I. Kahn,27,0,0,0,0,0,0,0,0,0,0,0,0,0,0,0,0,0,0,0,0,3,8,13,2,1,0,0,0,0,0,0,0,0,0,0
2967,Wolf Kahn,1,0,0,0,0,0,0,0,0,0,0,0,0,0,0,0,0,0,0,0,0,0,1,0,0,0,0,0,0,0,0,0,0,0,0,0
2971,Horst-Egon Kalinowski,33,0,0,0,0,0,0,0,0,0,0,0,0,0,0,0,0,0,0,0,0,0,0,20,13,0,0,0,0,0,0,0,0,0,0,0
2981,Vasily Kandinsky,151,0,0,0,0,0,0,0,0,0,0,18,12,79,4,20,2,8,2,2,2,2,0,0,0,0,0,0,0,0,0,0,0,0,0,0
2984,Matsumi Kanemitsu,46,0,0,0,0,0,0,0,0,0,0,0,0,0,0,0,0,0,0,0,0,0,0,10,25,11,0,0,0,0,0,0,0,0,0,0
2991,Anatoli Lvovich Kaplan,120,0,0,0,0,0,0,0,0,0,0,0,0,0,0,0,0,0,0,0,0,28,84,8,0,0,0,0,0,0,0,0,0,0,0,0
2995,Anish Kapoor,6,0,0,0,0,0,0,0,0,0,0,0,0,0,0,0,0,0,0,0,0,0,0,0,0,0,0,0,1,0,1,4,0,0,0,0
2997,Allan Kaprow,14,0,0,0,0,0,0,0,0,0,0,0,0,0,0,0,0,0,0,0,0,0,0,6,8,0,0,0,0,0,0,0,0,0,0,0
3008,Gertrude K?sebier,60,0,0,0,0,0,0,0,0,0,5,35,14,6,0,0,0,0,0,0,0,0,0,0,0,0,0,0,0,0,0,0,0,0,0,0
3016,Alex Katz,93,0,0,0,0,0,0,0,0,0,0,0,0,0,0,0,0,0,0,0,0,2,0,3,11,11,20,4,25,3,0,3,2,9,0,0
3020,E. McKnight Kauffer,178,0,0,0,0,0,0,0,0,0,0,6,0,1,13,22,23,74,34,3,2,0,0,0,0,0,0,0,0,0,0,0,0,0,0,0
3045,Mike Kelley,32,0,0,0,0,0,0,0,0,0,0,0,0,0,0,0,0,0,0,0,0,0,0,0,0,0,7,4,6,10,3,1,1,0,0,0
3048,Ellsworth Kelly,234,0,0,0,0,0,0,0,0,0,0,0,0,0,0,0,0,0,0,0,2,46,6,45,22,42,25,16,4,11,4,6,3,2,0,0
3060,Clarence Kennedy,34,0,0,0,0,0,0,0,0,0,0,0,0,0,0,0,0,34,0,0,0,0,0,0,0,0,0,0,0,0,0,0,0,0,0,0
3071,Eugène Nestor de Kermadec,41,0,0,0,0,0,0,0,0,0,0,0,0,0,0,0,0,0,0,0,41,0,0,0,0,0,0,0,0,0,0,0,0,0,0,0
3072,André Kertész,42,0,0,0,0,0,0,0,0,0,0,0,0,1,1,2,19,7,3,1,0,0,0,8,0,0,0,0,0,0,0,0,0,0,0,0
3086,Anselm Kiefer,35,0,0,0,0,0,0,0,0,0,0,0,0,0,0,0,0,0,0,0,0,0,0,0,0,1,1,28,2,0,0,3,0,0,0,0
3091,Frederick Kiesler,25,0,0,0,0,0,0,0,0,0,0,0,0,0,0,4,1,2,1,4,9,3,0,1,0,0,0,0,0,0,0,0,0,0,0,0
3093,Mokuma Kikuhata,1,0,0,0,0,0,0,0,0,0,0,0,0,0,0,0,0,0,0,0,0,0,0,1,0,0,0,0,0,0,0,0,0,0,0,0
3110,Darius Kinsey,23,0,0,0,0,0,0,0,0,0,0,7,8,4,2,0,1,0,1,0,0,0,0,0,0,0,0,0,0,0,0,0,0,0,0,0
3111,Martin Kippenberger,217,0,0,0,0,0,0,0,0,0,0,0,0,0,0,0,0,0,0,0,0,0,0,0,0,0,4,24,76,97,15,1,0,0,0,0
3115,Ernst Ludwig Kirchner,162,0,0,0,0,0,0,0,0,0,0,1,17,33,21,81,2,5,2,0,0,0,0,0,0,0,0,0,0,0,0,0,0,0,0,0
3118,Per Kirkeby,32,0,0,0,0,0,0,0,0,0,0,0,0,0,0,0,0,0,0,0,0,0,0,0,10,1,2,14,3,0,2,0,0,0,0,0
3121,R. B. Kitaj,110,0,0,0,0,0,0,0,0,0,0,0,0,0,0,0,0,0,0,0,0,0,0,13,74,18,1,2,0,0,0,2,0,0,0,0
3130,Paul Klee,141,0,0,0,0,0,0,0,0,0,0,5,7,16,30,43,22,11,3,1,0,2,1,0,0,0,0,0,0,0,0,0,0,0,0,0
3136,William Klein,41,0,0,0,0,0,0,0,0,0,0,0,0,0,0,0,0,0,0,0,0,6,26,6,2,0,0,0,1,0,0,0,0,0,0,0
3137,Yves Klein,10,0,0,0,0,0,0,0,0,0,0,0,0,0,0,0,0,0,0,0,0,0,3,7,0,0,0,0,0,0,0,0,0,0,0,0
3144,Mark Klett,30,0,0,0,0,0,0,0,0,0,0,0,0,0,0,0,0,0,0,0,0,0,0,0,0,0,2,1,0,3,5,5,5,5,4,0
3147,Gustav Klimt,9,0,0,0,0,0,0,0,0,0,2,0,2,2,3,0,0,0,0,0,0,0,0,0,0,0,0,0,0,0,0,0,0,0,0,0
3148,Franz Kline,9,0,0,0,0,0,0,0,0,0,0,0,0,0,0,0,0,0,0,0,0,5,1,3,0,0,0,0,0,0,0,0,0,0,0,0
3149,Max Klinger,40,0,0,0,0,0,2,35,1,0,1,1,0,0,0,0,0,0,0,0,0,0,0,0,0,0,0,0,0,0,0,0,0,0,0,0
3150,Stuart Klipper,25,0,0,0,0,0,0,0,0,0,0,0,0,0,0,0,0,0,0,0,0,0,0,0,0,0,8,12,5,0,0,0,0,0,0,0
3197,Oskar Kokoschka,130,0,0,0,0,0,0,0,0,0,0,0,10,21,63,10,3,0,0,0,1,14,0,0,1,7,0,0,0,0,0,0,0,0,0,0
3201,K?the Kollwitz,32,0,0,0,0,0,0,0,0,1,0,1,0,0,2,16,3,6,2,1,0,0,0,0,0,0,0,0,0,0,0,0,0,0,0,0
3213,Willem de Kooning,61,0,0,0,0,0,0,0,0,0,0,0,0,0,0,0,0,0,0,0,1,3,0,3,41,8,1,2,2,0,0,0,0,0,0,0
3227,Takehisa Kosugi,11,0,0,0,0,0,0,0,0,0,0,0,0,0,0,0,0,0,0,0,0,0,0,10,1,0,0,0,0,0,0,0,0,0,0,0
3228,Joseph Kosuth,17,0,0,0,0,0,0,0,0,0,0,0,0,0,0,0,0,0,0,0,0,0,0,0,11,0,1,0,1,2,2,0,0,0,0,0
3230,Jannis Kounellis,7,0,0,0,0,0,0,0,0,0,0,0,0,0,0,0,0,0,0,0,0,0,1,0,0,1,0,1,2,0,2,0,0,0,0,0
3240,Lee Krasner,9,0,0,0,0,0,0,0,0,0,0,0,0,0,0,0,0,0,1,0,0,1,0,1,6,0,0,0,0,0,0,0,0,0,0,0
3261,Abram Krol,29,0,0,0,0,0,0,0,0,0,0,0,0,0,0,0,0,0,0,0,0,0,28,1,0,0,0,0,0,0,0,0,0,0,0,0
3263,Aleksei Kruchenykh,48,0,0,0,0,0,0,0,0,0,0,0,0,25,15,6,1,1,0,0,0,0,0,0,0,0,0,0,0,0,0,0,0,0,0,0
3266,Barbara Kruger,23,0,0,0,0,0,0,0,0,0,0,0,0,0,0,0,0,0,0,0,0,0,0,0,0,0,0,1,21,0,0,0,0,0,1,0
3276,Alfred Kubin,47,0,0,0,0,0,0,0,0,0,0,5,0,1,5,5,1,1,4,0,25,0,0,0,0,0,0,0,0,0,0,0,0,0,0,0
3277,Shigeko Kubota,26,0,0,0,0,0,0,0,0,0,0,0,0,0,0,0,0,0,0,0,0,0,0,4,8,4,3,2,2,2,0,0,1,0,0,0
3288,Walt Kuhn,37,0,0,0,0,0,0,0,0,0,0,0,0,0,4,12,20,1,0,0,0,0,0,0,0,0,0,0,0,0,0,0,0,0,0,0
3296,Yasuo Kuniyoshi,76,0,0,0,0,0,0,0,0,0,0,0,0,0,3,6,41,13,11,2,0,0,0,0,0,0,0,0,0,0,0,0,0,0,0,0
3302,Franti?ek Kupka,173,0,0,0,0,0,0,0,0,0,1,1,100,9,0,1,56,0,0,0,3,2,0,0,0,0,0,0,0,0,0,0,0,0,0,0
3315,Yayoi Kusama,17,0,0,0,0,0,0,0,0,0,0,0,0,0,0,0,0,0,0,0,0,3,2,5,2,0,1,0,0,1,0,3,0,0,0,0
3317,Robert Kushner,24,0,0,0,0,0,0,0,0,0,0,0,0,0,0,0,0,0,0,0,0,0,0,0,0,0,0,24,0,0,0,0,0,0,0,0
3323,Alain de La Bourdonnaye,13,0,0,0,0,0,0,0,0,0,0,0,0,0,0,0,0,0,0,0,0,0,13,0,0,0,0,0,0,0,0,0,0,0,0,0
3325,Roger de La Fresnaye,66,0,0,0,0,0,0,0,0,0,1,0,0,49,1,13,1,0,0,0,0,1,0,0,0,0,0,0,0,0,0,0,0,0,0,0
3344,Gerald Laing,65,0,0,0,0,0,0,0,0,0,0,0,0,0,0,0,0,0,0,0,0,0,0,0,65,0,0,0,0,0,0,0,0,0,0,0
3373,Dorothea Lange,199,0,0,0,0,0,0,0,0,0,0,0,0,0,1,1,2,7,73,22,0,28,48,17,0,0,0,0,0,0,0,0,0,0,0,0
3385,Pierre Laprade,43,0,0,0,0,0,0,0,0,0,0,0,0,0,0,4,0,0,39,0,0,0,0,0,0,0,0,0,0,0,0,0,0,0,0,0
3389,Mikhail Larionov,69,0,0,0,0,0,0,0,0,0,0,0,0,59,2,6,0,0,0,0,0,0,0,2,0,0,0,0,0,0,0,0,0,0,0,0
3393,William G. Larson,1,0,0,0,0,0,0,0,0,0,0,0,0,0,0,0,0,0,0,0,0,0,0,0,1,0,0,0,0,0,0,0,0,0,0,0
3394,Jacques-Henri Lartigue,34,0,0,0,0,0,0,0,0,0,0,1,9,22,1,1,0,0,0,0,0,0,0,0,0,0,0,0,0,0,0,0,0,0,0,0
3402,Maria Lassnig,11,0,0,0,0,0,0,0,0,0,0,0,0,0,0,0,0,0,0,0,0,0,0,0,1,5,0,0,0,0,2,0,3,0,0,0
3408,Marie Laurencin,90,0,0,0,0,0,0,0,0,0,0,0,1,3,1,28,26,10,2,16,3,0,0,0,0,0,0,0,0,0,0,0,0,0,0,0
3409,Henri Laurens,151,0,0,0,0,0,0,0,0,0,0,0,0,0,2,9,2,0,0,0,47,90,1,0,0,0,0,0,0,0,0,0,0,0,0,0
3418,Jacob Lawrence,40,0,0,0,0,0,0,0,0,0,0,0,0,0,0,0,0,0,0,31,0,1,1,0,0,3,0,1,1,0,2,0,0,0,0,0
3426,Le Corbusier (Charles-édouard Jeanneret),166,0,0,0,0,0,0,0,0,0,0,0,0,0,1,2,9,3,5,0,122,8,9,4,1,0,0,0,0,0,0,0,0,2,0,0
3455,Russell Lee,30,0,0,0,0,0,0,0,0,0,0,0,0,0,0,0,0,0,29,1,0,0,0,0,0,0,0,0,0,0,0,0,0,0,0,0
3464,Wilhelm Lehmbruck,29,0,0,0,0,0,0,0,0,0,0,0,0,25,3,0,0,0,0,0,0,0,1,0,0,0,0,0,0,0,0,0,0,0,0,0
3502,Gerd Leufert,25,0,0,0,0,0,0,0,0,0,0,0,0,0,0,0,0,0,0,0,0,1,0,2,17,3,0,1,0,0,1,0,0,0,0,0
3505,John Levee,17,0,0,0,0,0,0,0,0,0,0,0,0,0,0,0,0,0,0,0,0,0,7,0,10,0,0,0,0,0,0,0,0,0,0,0
3514,Les Levine,81,0,0,0,0,0,0,0,0,0,0,0,0,0,0,0,0,0,0,0,0,0,0,0,36,3,30,11,1,0,0,0,0,0,0,0
3515,Sherrie Levine,48,0,0,0,0,0,0,0,0,0,0,0,0,0,0,0,0,0,0,0,0,0,0,0,0,0,8,4,32,3,0,1,0,0,0,0
3516,Tom Levine,6,0,0,0,0,0,0,0,0,0,0,0,0,0,0,0,0,0,0,0,0,0,0,0,0,0,0,0,3,0,0,3,0,0,0,0
3528,Sol LeWitt,324,0,0,0,0,0,0,0,0,0,0,0,0,0,0,0,0,0,0,0,0,0,0,2,12,45,70,79,8,9,25,72,2,0,0,0
3537,Alexander Liberman,28,0,0,0,0,0,0,0,0,0,0,0,0,0,0,0,0,0,0,0,1,0,1,3,0,2,20,1,0,0,0,0,0,0,0,0
3542,Roy Lichtenstein,147,0,0,0,0,0,0,0,0,0,0,0,0,0,0,0,0,0,0,0,0,0,2,21,55,25,7,12,5,15,5,0,0,0,0,0
3559,Richard Lindner,29,0,0,0,0,0,0,0,0,0,0,0,0,0,0,0,0,0,0,1,0,2,0,0,6,19,1,0,0,0,0,0,0,0,0,0
3564,Peter Lipman-Wulf,23,0,0,0,0,0,0,0,0,0,0,0,0,0,0,0,0,0,0,0,22,0,0,1,0,0,0,0,0,0,0,0,0,0,0,0
3569,El Lissitzky,106,0,0,0,0,0,0,0,0,0,0,0,0,0,15,57,17,15,2,0,0,0,0,0,0,0,0,0,0,0,0,0,0,0,0,0
3580,George Lockwood,42,0,0,0,0,0,0,0,0,0,0,0,0,0,0,0,0,0,0,0,0,0,22,0,20,0,0,0,0,0,0,0,0,0,0,0
3590,Lois Long,32,0,0,0,0,0,0,0,0,0,0,0,0,0,0,0,0,0,0,0,0,0,0,0,0,10,0,22,0,0,0,0,0,0,0,0
3591,Richard Long,28,0,0,0,0,0,0,0,0,0,0,0,0,0,0,0,0,0,0,0,0,0,0,0,2,7,6,4,3,5,0,1,0,0,0,0
3607,Morris Louis,3,0,0,0,0,0,0,0,0,0,0,0,0,0,0,0,0,0,0,0,0,0,1,2,0,0,0,0,0,0,0,0,0,0,0,0
3621,Maximilien Luce,23,0,0,0,0,0,0,0,0,22,1,0,0,0,0,0,0,0,0,0,0,0,0,0,0,0,0,0,0,0,0,0,0,0,0,0
3640,Markus Lüpertz,53,0,0,0,0,0,0,0,0,0,0,0,0,0,0,0,0,0,0,0,0,0,0,2,0,1,1,33,13,1,2,0,0,0,0,0
3641,Jean Lur?at,120,0,0,0,0,0,0,0,0,0,0,0,2,0,0,0,22,10,0,0,30,56,0,0,0,0,0,0,0,0,0,0,0,0,0,0
3648,George Platt Lynes,32,0,0,0,0,0,0,0,0,0,0,1,0,0,0,1,0,2,10,4,6,7,1,0,0,0,0,0,0,0,0,0,0,0,0,0
3650,Danny Lyon,37,0,0,0,0,0,0,0,0,0,0,0,0,0,0,0,0,0,0,0,0,0,0,3,23,5,6,0,0,0,0,0,0,0,0,0
3652,Nathan Lyons,1,0,0,0,0,0,0,0,0,0,0,0,0,0,0,0,0,0,0,0,0,0,1,0,0,0,0,0,0,0,0,0,0,0,0,0
3692,René Magritte,11,0,0,0,0,0,0,0,0,0,0,0,0,0,0,0,3,1,1,0,0,1,1,2,2,0,0,0,0,0,0,0,0,0,0,0
3697,Aristide Maillol,485,0,0,0,0,0,0,0,0,2,3,1,81,50,0,3,53,17,179,67,28,1,0,0,0,0,0,0,0,0,0,0,0,0,0,0
3710,Kazimir Malevich,83,0,0,0,0,0,0,0,0,0,0,0,0,49,22,11,0,1,0,0,0,0,0,0,0,0,0,0,0,0,0,0,0,0,0,0
3716,Man Ray (Emmanuel Radnitzky),87,0,0,0,0,0,0,0,0,0,0,0,0,1,3,4,34,30,5,1,1,0,3,2,2,1,0,0,0,0,0,0,0,0,0,0
3721,édouard Manet,16,0,0,0,0,8,7,0,1,0,0,0,0,0,0,0,0,0,0,0,0,0,0,0,0,0,0,0,0,0,0,0,0,0,0,0
3723,Robert Mangold,63,0,0,0,0,0,0,0,0,0,0,0,0,0,0,0,0,0,0,0,0,0,0,0,6,13,14,0,15,11,1,2,1,0,0,0
3742,Giacomo Manzù,24,0,0,0,0,0,0,0,0,0,0,0,0,0,0,0,0,0,0,1,22,0,0,0,0,0,1,0,0,0,0,0,0,0,0,0
3745,Robert Mapplethorpe,28,0,0,0,0,0,0,0,0,0,0,0,0,0,0,0,0,0,0,0,0,0,0,0,0,5,10,8,5,0,0,0,0,0,0,0
3748,Franz Marc,19,0,0,0,0,0,0,0,0,0,0,4,1,14,0,0,0,0,0,0,0,0,0,0,0,0,0,0,0,0,0,0,0,0,0,0
3753,Léo Marchutz,88,0,0,0,0,0,0,0,0,0,0,0,0,0,0,0,0,0,0,0,88,0,0,0,0,0,0,0,0,0,0,0,0,0,0,0
3756,Gerhard Marcks,57,0,0,0,0,0,0,0,0,0,0,0,0,0,0,9,1,0,1,0,7,34,5,0,0,0,0,0,0,0,0,0,0,0,0,0
3757,Louis Marcoussis,46,0,0,0,0,0,0,0,0,0,0,0,0,1,2,6,5,28,2,0,1,0,0,0,1,0,0,0,0,0,0,0,0,0,0,0
3758,Brice Marden,56,0,0,0,0,0,0,0,0,0,0,0,0,0,0,0,0,0,0,0,0,0,0,1,2,19,5,8,7,4,6,2,2,0,0,0
3772,Marino Marini,9,0,0,0,0,0,0,0,0,0,0,0,0,0,0,0,0,0,0,0,2,6,1,0,0,0,0,0,0,0,0,0,0,0,0,0
3774,Marisol (Marisol Escobar),26,0,0,0,0,0,0,0,0,0,0,0,0,0,0,0,0,0,0,0,0,0,0,2,12,11,1,0,0,0,0,0,0,0,0,0
3779,Ronald Markman,23,0,0,0,0,0,0,0,0,0,0,0,0,0,0,0,0,0,0,0,0,0,2,20,1,0,0,0,0,0,0,0,0,0,0,0
3782,Albert Marquet,42,0,0,0,0,0,0,0,0,0,0,1,0,0,0,1,2,0,0,0,38,0,0,0,0,0,0,0,0,0,0,0,0,0,0,0
3791,Fred Martin,43,0,0,0,0,0,0,0,0,0,0,0,0,0,0,0,0,0,0,0,0,0,0,0,0,0,43,0,0,0,0,0,0,0,0,0
3814,Frans Masereel,195,0,0,0,0,0,0,0,0,0,0,0,0,0,0,0,195,0,0,0,0,0,0,0,0,0,0,0,0,0,0,0,0,0,0,0
3821,André Masson,265,0,0,0,0,0,0,0,0,0,0,0,0,0,0,7,32,8,4,20,101,61,21,2,4,4,1,0,0,0,0,0,0,0,0,0
3825,Gregory Masurovsky,40,0,0,0,0,0,0,0,0,0,0,0,0,0,0,0,0,0,0,0,0,0,1,2,24,8,1,0,0,4,0,0,0,0,0,0
3832,Henri Matisse,979,0,0,0,0,0,0,2,0,0,1,9,25,42,22,10,69,49,7,413,306,22,0,0,0,1,0,1,0,0,0,0,0,0,0,0
3838,Toshio Matsumoto,2,0,0,0,0,0,0,0,0,0,0,0,0,0,0,0,0,0,0,0,0,0,0,0,2,0,0,0,0,0,0,0,0,0,0,0
3842,Roberto Matta,205,0,0,0,0,0,0,0,0,0,0,0,0,0,0,0,1,0,1,8,4,1,19,18,41,1,0,19,0,92,0,0,0,0,0,0
3843,Herbert Matter,24,0,0,0,0,0,0,0,0,0,0,1,0,0,0,0,1,4,11,1,1,3,1,0,1,0,0,0,0,0,0,0,0,0,0,0
3864,Michael Mazur,44,0,0,0,0,0,0,0,0,0,0,0,0,0,0,0,0,0,0,0,0,0,0,19,23,0,1,0,1,0,0,0,0,0,0,0
3866,Azaria Mbatha,2,0,0,0,0,0,0,0,0,0,0,0,0,0,0,0,0,0,0,0,0,0,0,0,2,0,0,0,0,0,0,0,0,0,0,0
3884,James McGarrell,37,0,0,0,0,0,0,0,0,0,0,0,0,0,0,0,0,0,0,0,0,1,2,18,16,0,0,0,0,0,0,0,0,0,0,0
3889,Bruce McLean,77,0,0,0,0,0,0,0,0,0,0,0,0,0,0,0,0,0,0,0,0,0,0,0,0,0,0,29,48,0,0,0,0,0,0,0
3923,Leopoldo Méndez,102,0,0,0,0,0,0,0,0,0,0,0,0,0,3,0,1,17,19,60,2,0,0,0,0,0,0,0,0,0,0,0,0,0,0,0
3924,Ana Mendieta,25,0,0,0,0,0,0,0,0,0,0,0,0,0,0,0,0,0,0,0,0,0,0,0,0,2,0,23,0,0,0,0,0,0,0,0
3926,Antonio Mendoza,64,0,0,0,0,0,0,0,0,0,0,0,0,0,0,0,0,0,0,0,0,0,0,0,0,4,15,45,0,0,0,0,0,0,0,0
3962,Duane Michals,4,0,0,0,0,0,0,0,0,0,0,0,0,0,0,0,0,0,0,0,0,0,0,0,3,0,0,1,0,0,0,0,0,0,0,0
3963,Henri Michaux,45,0,0,0,0,0,0,0,0,0,0,0,0,0,0,0,0,0,0,0,15,0,0,1,13,0,0,16,0,0,0,0,0,0,0,0
3964,Robert Michel,29,0,0,0,0,0,0,0,0,0,0,0,0,0,0,23,4,0,1,0,0,0,0,0,0,1,0,0,0,0,0,0,0,0,0,0
3975,Eleanore Mikus,32,0,0,0,0,0,0,0,0,0,0,0,0,0,0,0,0,0,0,0,0,0,0,2,30,0,0,0,0,0,0,0,0,0,0,0
3996,Zwi Milshtein,29,0,0,0,0,0,0,0,0,0,0,0,0,0,0,0,0,0,0,0,0,0,0,0,29,0,0,0,0,0,0,0,0,0,0,0
4016,Joan Miró,429,0,0,0,0,0,0,0,0,0,0,0,1,0,2,3,23,16,20,3,208,6,47,2,28,62,1,7,0,0,0,0,0,0,0,0
4022,Richard Misrach,60,0,0,0,0,0,0,0,0,0,0,0,0,0,0,0,0,0,0,0,0,0,0,0,0,32,6,4,8,3,5,0,1,1,0,0
4026,Joan Mitchell,40,0,0,0,0,0,0,0,0,0,0,0,0,0,0,0,0,0,0,0,0,0,1,9,3,1,0,0,17,9,0,0,0,0,0,0
4037,Paula Modersohn-Becker,5,0,0,0,0,0,0,0,0,0,4,0,1,0,0,0,0,0,0,0,0,0,0,0,0,0,0,0,0,0,0,0,0,0,0,0
4038,Amedeo Modigliani,14,0,0,0,0,0,0,0,0,0,0,0,0,2,9,2,1,0,0,0,0,0,0,0,0,0,0,0,0,0,0,0,0,0,0,0
4039,Tina Modotti,24,0,0,0,0,0,0,0,0,0,0,0,0,0,0,8,16,0,0,0,0,0,0,0,0,0,0,0,0,0,0,0,0,0,0,0
4048,László Moholy-Nagy,74,0,0,0,0,0,0,0,0,0,0,0,0,0,2,26,27,7,10,1,1,0,0,0,0,0,0,0,0,0,0,0,0,0,0,0
4057,Piet Mondrian,24,0,0,0,0,0,0,0,0,0,1,1,4,3,3,2,4,1,2,1,0,2,0,0,0,0,0,0,0,0,0,0,0,0,0,0
4058,Claude Monet,4,0,0,0,0,0,0,1,0,0,0,0,0,2,0,1,0,0,0,0,0,0,0,0,0,0,0,0,0,0,0,0,0,0,0,0
4071,Henry Moore,111,0,0,0,0,0,0,0,0,0,0,0,0,0,0,0,0,1,0,5,34,6,0,6,27,28,4,0,0,0,0,0,0,0,0,0
4079,Giorgio Morandi,11,0,0,0,0,0,0,0,0,0,0,0,0,1,0,0,3,5,0,1,1,0,0,0,0,0,0,0,0,0,0,0,0,0,0,0
4083,Fran?ois Morellet,5,0,0,0,0,0,0,0,0,0,0,0,0,0,0,0,0,0,0,0,0,0,0,1,0,2,1,0,0,1,0,0,0,0,0,0
4095,Berthe Morisot,1,0,0,0,0,0,0,0,1,0,0,0,0,0,0,0,0,0,0,0,0,0,0,0,0,0,0,0,0,0,0,0,0,0,0,0
4100,Malcolm Morley,9,0,0,0,0,0,0,0,0,0,0,0,0,0,0,0,0,0,0,0,0,0,0,0,2,1,2,2,0,1,1,0,0,0,0,0
4108,Robert Morris,48,0,0,0,0,0,0,0,0,0,0,0,0,0,0,0,0,0,0,0,0,0,0,7,19,14,1,2,5,0,0,0,0,0,0,0
4109,Wright Morris,50,0,0,0,0,0,0,0,0,0,0,0,0,0,0,0,0,0,13,19,16,2,0,0,0,0,0,0,0,0,0,0,0,0,0,0
4121,Ed Moses,12,0,0,0,0,0,0,0,0,0,0,0,0,0,0,0,0,0,0,0,0,0,0,0,6,2,0,0,2,2,0,0,0,0,0,0
4126,Robert Motherwell,222,0,0,0,0,0,0,0,0,0,0,0,0,0,0,0,0,0,0,4,3,0,1,6,46,51,39,39,33,0,0,0,0,0,0,0
4154,Josef Müller-Brockmann,28,0,0,0,0,0,0,0,0,0,0,0,0,0,0,0,0,0,0,0,0,7,5,3,1,10,1,1,0,0,0,0,0,0,0,0
4160,Matt Mullican,30,0,0,0,0,0,0,0,0,0,0,0,0,0,0,0,0,0,0,0,0,0,0,0,0,3,2,1,12,0,0,1,7,2,2,0
4164,Edvard Munch,67,0,0,0,0,0,0,0,0,6,32,8,14,0,1,2,2,2,0,0,0,0,0,0,0,0,0,0,0,0,0,0,0,0,0,0
4185,Elizabeth Murray,72,0,0,0,0,0,0,0,0,0,0,0,0,0,0,0,0,0,0,0,0,0,0,0,0,0,2,12,28,14,10,2,4,0,0,0
4187,Edo Murtic,60,0,0,0,0,0,0,0,0,0,0,0,0,0,0,0,0,0,0,0,0,0,0,0,0,0,0,60,0,0,0,0,0,0,0,0
4192,Eadweard J. Muybridge,187,0,0,0,0,11,107,69,0,0,0,0,0,0,0,0,0,0,0,0,0,0,0,0,0,0,0,0,0,0,0,0,0,0,0,0
4196,Nadar (Gaspard-Félix Tournachon),24,1,9,8,2,3,0,0,1,0,0,0,0,0,0,0,0,0,0,0,0,0,0,0,0,0,0,0,0,0,0,0,0,0,0,0
4218,Reuben Nakian,7,0,0,0,0,0,0,0,0,0,0,0,0,0,0,0,0,0,0,0,0,0,3,0,3,0,0,0,1,0,0,0,0,0,0,0
4243,Bruce Nauman,84,0,0,0,0,0,0,0,0,0,0,0,0,0,0,0,0,0,0,0,0,0,0,0,28,18,2,10,13,1,3,0,1,0,8,0
4254,Charles Nègre,30,18,11,1,0,0,0,0,0,0,0,0,0,0,0,0,0,0,0,0,0,0,0,0,0,0,0,0,0,0,0,0,0,0,0,0
4278,Louise Nevelson,35,0,0,0,0,0,0,0,0,0,0,0,0,0,0,0,0,0,0,0,0,1,2,1,20,7,1,3,0,0,0,0,0,0,0,0
4284,Arnold Newman,40,0,0,0,0,0,0,0,0,0,0,0,0,0,0,0,0,5,0,15,5,9,6,0,0,0,0,0,0,0,0,0,0,0,0,0
4285,Barnett Newman,54,0,0,0,0,0,0,0,0,0,0,0,0,0,0,0,0,0,0,1,4,3,0,21,25,0,0,0,0,0,0,0,0,0,0,0
4293,Ben Nicholson,12,0,0,0,0,0,0,0,0,0,0,0,0,0,0,0,0,2,3,2,0,1,0,2,2,0,0,0,0,0,0,0,0,0,0,0
4315,Nicholas Nixon,89,0,0,0,0,0,0,0,0,0,0,0,0,0,0,0,0,0,0,0,0,0,0,0,0,5,16,11,20,11,8,6,12,0,0,0
4324,Isamu Noguchi,25,0,0,0,0,0,0,0,0,0,0,0,0,0,1,0,0,1,2,4,1,7,3,3,1,0,2,0,0,0,0,0,0,0,0,0
4325,Sidney Nolan,58,0,0,0,0,0,0,0,0,0,0,0,0,0,0,0,0,0,0,0,0,0,2,3,0,53,0,0,0,0,0,0,0,0,0,0
4326,Kenneth Noland,5,0,0,0,0,0,0,0,0,0,0,0,0,0,0,0,0,0,0,0,0,0,0,2,1,1,1,0,0,0,0,0,0,0,0,0
4327,Emil Nolde,64,0,0,0,0,0,0,0,0,0,1,0,18,22,11,4,6,2,0,0,0,0,0,0,0,0,0,0,0,0,0,0,0,0,0,0
4344,Thomas Nozkowski,4,0,0,0,0,0,0,0,0,0,0,0,0,0,0,0,0,0,0,0,0,0,0,0,0,0,0,0,0,0,0,2,2,0,0,0
4360,Georgia O'Keeffe,11,0,0,0,0,0,0,0,0,0,0,0,0,0,4,0,2,2,0,1,0,0,1,0,0,0,1,0,0,0,0,0,0,0,0,0
4363,Timothy O'Sullivan,85,0,0,34,13,38,0,0,0,0,0,0,0,0,0,0,0,0,0,0,0,0,0,0,0,0,0,0,0,0,0,0,0,0,0,0
4375,Albert Oehlen,25,0,0,0,0,0,0,0,0,0,0,0,0,0,0,0,0,0,0,0,0,0,0,0,0,0,0,6,14,3,0,0,2,0,0,0
4397,Claes Oldenburg,109,0,0,0,0,0,0,0,0,0,0,0,0,0,0,0,0,0,0,0,0,0,2,24,57,8,9,2,4,1,2,0,0,0,0,0
4410,Yoko Ono,74,0,0,0,0,0,0,0,0,0,0,0,0,0,0,0,0,0,0,0,0,0,0,34,22,10,1,0,2,1,1,2,0,0,1,0
4415,Dennis Oppenheim,89,0,0,0,0,0,0,0,0,0,0,0,0,0,0,0,0,0,0,0,0,0,0,0,13,75,1,0,0,0,0,0,0,0,0,0
4416,Meret Oppenheim,28,0,0,0,0,0,0,0,0,0,0,0,0,0,0,0,0,0,1,0,0,0,0,0,2,0,0,0,25,0,0,0,0,0,0,0
4430,José Clemente Orozco,34,0,0,0,0,0,0,0,0,0,0,0,0,0,0,2,14,9,4,3,2,0,0,0,0,0,0,0,0,0,0,0,0,0,0,0
4445,Alejandro Otero,24,0,0,0,0,0,0,0,0,0,0,0,0,0,0,0,0,0,0,0,2,15,3,2,0,1,1,0,0,0,0,0,0,0,0,0
4469,Nam June Paik,91,0,0,0,0,0,0,0,0,0,0,0,0,0,0,0,0,0,0,0,0,0,0,37,16,11,10,6,8,1,0,2,0,0,0,0
4472,Mimmo Paladino,29,0,0,0,0,0,0,0,0,0,0,0,0,0,0,0,0,0,0,0,0,0,0,0,0,0,0,5,2,20,0,0,0,0,2,0
4473,Julio Palazuelos,25,0,0,0,0,0,0,0,0,0,0,0,0,0,0,0,0,0,0,0,0,0,0,25,0,0,0,0,0,0,0,0,0,0,0,0
4474,Blinky Palermo,25,0,0,0,0,0,0,0,0,0,0,0,0,0,0,0,0,0,0,0,0,0,0,0,2,22,1,0,0,0,0,0,0,0,0,0
4488,Eduardo Paolozzi,170,0,0,0,0,0,0,0,0,0,0,0,0,0,0,0,0,0,0,1,0,1,1,44,95,28,0,0,0,0,0,0,0,0,0,0
4490,Tod Papageorge,25,0,0,0,0,0,0,0,0,0,0,0,0,0,0,0,0,0,0,0,0,0,0,0,3,5,13,2,2,0,0,0,0,0,0,0
4510,Jürgen Partenheimer,36,0,0,0,0,0,0,0,0,0,0,0,0,0,0,0,0,0,0,0,0,0,0,0,0,0,0,1,12,23,0,0,0,0,0,0
4514,Jules Pascin,149,0,0,0,0,0,0,0,0,0,0,1,7,47,17,11,64,0,0,1,0,0,0,0,1,0,0,0,0,0,0,0,0,0,0,0
4520,Benjamin Patterson,48,0,0,0,0,0,0,0,0,0,0,0,0,0,0,0,0,0,0,0,0,0,0,39,5,0,1,1,1,0,0,1,0,0,0,0
4530,Henry Pearson,42,0,0,0,0,0,0,0,0,0,0,0,0,0,0,0,0,0,0,0,0,0,0,26,16,0,0,0,0,0,0,0,0,0,0,0
4533,Max Pechstein,60,0,0,0,0,0,0,0,0,0,0,0,8,10,10,32,0,0,0,0,0,0,0,0,0,0,0,0,0,0,0,0,0,0,0,0
4546,A.R. Penck (Ralf Winkler),97,0,0,0,0,0,0,0,0,0,0,0,0,0,0,0,0,0,0,0,0,0,0,0,1,8,3,30,55,0,0,0,0,0,0,0
4548,Irving Penn,87,0,0,0,0,0,0,0,0,0,0,0,0,0,0,0,0,1,3,1,38,18,5,2,3,6,3,2,0,0,1,3,1,0,0,0
4554,Gilles Peress,32,0,0,0,0,0,0,0,0,0,0,0,0,0,0,0,0,0,0,0,0,0,0,0,0,13,0,15,3,1,0,0,0,0,0,0
4571,Gabor Peterdi,41,0,0,0,0,0,0,0,0,0,0,0,0,0,0,0,0,2,2,0,3,8,5,5,16,0,0,0,0,0,0,0,0,0,0,0
4590,Cesare Peverelli,34,0,0,0,0,0,0,0,0,0,0,0,0,0,0,0,0,0,0,0,0,0,0,12,22,0,0,0,0,0,0,0,0,0,0,0
4603,Tom Phillips,35,0,0,0,0,0,0,0,0,0,0,0,0,0,0,0,0,0,0,0,0,0,0,0,30,2,1,2,0,0,0,0,0,0,0,0
4606,Jean Piaubert,34,0,0,0,0,0,0,0,0,0,0,0,0,0,0,0,0,0,0,0,0,34,0,0,0,0,0,0,0,0,0,0,0,0,0,0
4607,Francis Picabia,81,0,0,0,0,0,0,0,0,0,0,0,8,6,2,20,0,20,0,1,16,8,0,0,0,0,0,0,0,0,0,0,0,0,0,0
4609,Pablo Picasso,1132,0,0,0,0,0,0,0,0,0,1,7,41,34,11,30,29,151,73,86,343,85,107,33,94,7,0,0,0,0,0,0,0,0,0,0
4617,Otto Piene,41,0,0,0,0,0,0,0,0,0,0,0,0,0,0,0,0,0,0,0,0,0,2,4,35,0,0,0,0,0,0,0,0,0,0,0
4633,John Piper,43,0,0,0,0,0,0,0,0,0,0,0,0,0,1,0,0,0,13,15,12,2,0,0,0,0,0,0,0,0,0,0,0,0,0,0
4640,Camille Pissarro,4,0,0,0,0,0,0,1,1,2,0,0,0,0,0,0,0,0,0,0,0,0,0,0,0,0,0,0,0,0,0,0,0,0,0,0
4671,Sigmar Polke,82,0,0,0,0,0,0,0,0,0,0,0,0,0,0,0,0,0,0,0,0,0,0,4,31,26,6,6,0,2,5,2,0,0,0,0
4675,Jackson Pollock,34,0,0,0,0,0,0,0,0,0,0,0,0,0,0,0,0,1,3,19,5,6,0,0,0,0,0,0,0,0,0,0,0,0,0,0
4676,Arnaldo Pomodoro,31,0,0,0,0,0,0,0,0,0,0,0,0,0,0,0,0,0,0,0,0,0,1,1,7,11,0,0,10,1,0,0,0,0,0,0
4689,C. Emanuele Ponzio,1,0,0,0,0,0,0,0,0,0,0,0,0,0,0,0,0,0,0,0,0,0,0,0,1,0,0,0,0,0,0,0,0,0,0,0
4694,Liubov Popova,15,0,0,0,0,0,0,0,0,0,0,0,0,1,4,10,0,0,0,0,0,0,0,0,0,0,0,0,0,0,0,0,0,0,0,0
4700,Eliot Porter,71,0,0,0,0,0,0,0,0,0,0,0,0,0,0,0,0,0,2,42,3,4,5,7,1,4,3,0,0,0,0,0,0,0,0,0
4701,Fairfield Porter,7,0,0,0,0,0,0,0,0,0,0,0,0,0,0,0,0,0,0,0,0,0,1,0,1,3,2,0,0,0,0,0,0,0,0,0
4707,José-Guadalupe Posada,139,0,0,0,0,3,0,0,8,42,0,11,6,40,4,1,0,1,0,22,1,0,0,0,0,0,0,0,0,0,0,0,0,0,0,0
4718,Rudy Pozzatti,67,0,0,0,0,0,0,0,0,0,0,0,0,0,0,0,0,0,0,0,0,2,0,65,0,0,0,0,0,0,0,0,0,0,0,0
4721,Mario Prassinos,50,0,0,0,0,0,0,0,0,0,0,0,0,0,0,0,0,0,0,0,50,0,0,0,0,0,0,0,0,0,0,0,0,0,0,0
4729,James Prestini,44,0,0,0,0,0,0,0,0,0,0,0,0,0,0,0,0,3,1,28,12,0,0,0,0,0,0,0,0,0,0,0,0,0,0,0
4734,Ken Price,30,0,0,0,0,0,0,0,0,0,0,0,0,0,0,0,0,0,0,0,0,0,0,1,10,7,1,1,1,0,3,4,2,0,0,0
4781,Leo Rabkin,4,0,0,0,0,0,0,0,0,0,0,0,0,0,0,0,0,0,0,0,0,0,0,1,2,0,0,0,0,0,1,0,0,0,0,0
4792,Arnulf Rainer,24,0,0,0,0,0,0,0,0,0,0,0,0,0,0,0,0,0,0,0,0,0,0,3,4,3,4,2,2,0,6,0,0,0,0,0
4806,Mel Ramos,9,0,0,0,0,0,0,0,0,0,0,0,0,0,0,0,0,0,0,0,0,0,0,3,5,1,0,0,0,0,0,0,0,0,0,0
4823,Robert Rauschenberg,293,0,0,0,0,0,0,0,0,0,0,0,0,0,0,0,0,0,0,0,1,3,40,23,52,56,29,30,15,6,24,1,13,0,0,0
4831,Omar Rayo,53,0,0,0,0,0,0,0,0,0,0,0,0,0,0,0,0,0,0,1,0,0,0,19,31,2,0,0,0,0,0,0,0,0,0,0
4840,Odilon Redon,258,0,0,0,8,2,24,12,54,40,67,16,4,31,0,0,0,0,0,0,0,0,0,0,0,0,0,0,0,0,0,0,0,0,0,0
4856,Ad Reinhardt,16,0,0,0,0,0,0,0,0,0,0,0,0,0,0,0,0,0,1,1,3,2,0,1,8,0,0,0,0,0,0,0,0,0,0,0
4869,Pierre-Auguste Renoir,11,0,0,0,0,0,0,0,0,0,1,10,0,0,0,0,0,0,0,0,0,0,0,0,0,0,0,0,0,0,0,0,0,0,0,0
4895,Marc Riboud,2,0,0,0,0,0,0,0,0,0,0,0,0,0,0,0,0,0,0,0,0,0,1,1,0,0,0,0,0,0,0,0,0,0,0,0
4907,Gerhard Richter,88,0,0,0,0,0,0,0,0,0,0,0,0,0,0,0,0,0,0,0,0,0,0,2,17,16,0,13,15,5,12,0,8,0,0,0
4924,J.J.J. (Jean-Jacques-Joachim) Rigal,29,0,0,0,0,0,0,0,0,0,0,0,0,0,0,0,0,0,0,0,0,0,29,0,0,0,0,0,0,0,0,0,0,0,0,0
4929,Bridget Riley,17,0,0,0,0,0,0,0,0,0,0,0,0,0,0,0,0,0,0,0,0,0,0,5,4,1,0,3,1,0,1,2,0,0,0,0
4942,Diego Rivera,44,0,0,0,0,0,0,0,0,0,0,0,1,2,1,0,25,14,1,0,0,0,0,0,0,0,0,0,0,0,0,0,0,0,0,0
4945,Larry Rivers,143,0,0,0,0,0,0,0,0,0,0,0,0,0,0,0,0,0,0,0,0,8,19,19,78,8,3,7,1,0,0,0,0,0,0,0
4975,Aleksandr Rodchenko,178,0,0,0,0,0,0,0,0,0,0,0,0,0,4,60,81,24,7,2,0,0,0,0,0,0,0,0,0,0,0,0,0,0,0,0
4978,Auguste Rodin,38,0,1,0,0,0,1,1,0,8,3,24,0,0,0,0,0,0,0,0,0,0,0,0,0,0,0,0,0,0,0,0,0,0,0,0
5000,Christian Rohlfs,67,0,0,0,0,0,0,0,0,0,0,0,1,27,17,20,1,0,1,0,0,0,0,0,0,0,0,0,0,0,0,0,0,0,0,0
5006,Thomas Roma,40,0,0,0,0,0,0,0,0,0,0,0,0,0,0,0,0,0,0,0,0,0,0,0,0,5,5,26,2,1,0,0,1,0,0,0
5021,James Rosenquist,98,0,0,0,0,0,0,0,0,0,0,1,0,0,0,0,0,0,0,0,0,0,0,8,22,19,8,15,7,0,12,2,1,3,0,0
5030,Judith Joy Ross,67,0,0,0,0,0,0,0,0,0,0,0,0,0,0,0,0,0,0,0,0,0,0,0,0,0,0,3,12,44,6,2,0,0,0,0
5042,Dieter Roth,143,0,0,0,0,0,0,0,0,0,0,0,0,0,0,0,0,0,0,0,0,0,26,7,31,53,12,10,3,0,1,0,0,0,0,0
5044,Susan Rothenberg,35,0,0,0,0,0,0,0,0,0,0,0,0,0,0,0,0,0,0,0,0,0,0,0,0,1,3,8,9,8,3,0,3,0,0,0
5047,Mark Rothko,9,0,0,0,0,0,0,0,0,0,0,0,0,0,0,0,0,0,0,1,4,1,2,1,0,0,0,0,0,0,0,0,0,0,0,0
5050,Arthur Rothstein,25,0,0,0,0,0,0,0,0,0,0,0,0,0,0,0,0,0,22,3,0,0,0,0,0,0,0,0,0,0,0,0,0,0,0,0
5053,Georges Rouault,590,0,0,0,0,0,0,0,0,0,0,0,2,3,125,108,215,46,88,1,1,0,0,0,1,0,0,0,0,0,0,0,0,0,0,0
5056,Henri Rousseau,2,0,0,0,0,0,0,0,0,0,2,0,0,0,0,0,0,0,0,0,0,0,0,0,0,0,0,0,0,0,0,0,0,0,0,0
5065,Pierre Roy,47,0,0,0,0,0,0,0,0,0,0,0,0,0,0,43,3,1,0,0,0,0,0,0,0,0,0,0,0,0,0,0,0,0,0,0
5066,Olga Rozanova,161,0,0,0,0,0,0,0,0,0,0,0,0,110,51,0,0,0,0,0,0,0,0,0,0,0,0,0,0,0,0,0,0,0,0,0
5084,Allen Ruppersberg,33,0,0,0,0,0,0,0,0,0,0,0,0,0,0,0,0,0,0,0,0,0,0,0,0,10,3,3,12,2,0,1,1,1,0,0
5086,Edward Ruscha,217,0,0,0,0,0,0,0,0,0,0,0,0,0,0,0,0,0,0,0,0,0,0,11,110,32,7,4,29,10,4,7,3,0,0,0
5095,Reiner Ruthenbeck,5,0,0,0,0,0,0,0,0,0,0,0,0,0,0,0,0,0,0,0,0,0,0,0,5,0,0,0,0,0,0,0,0,0,0,0
5098,Robert Ryman,29,0,0,0,0,0,0,0,0,0,0,0,0,0,0,0,0,0,0,0,0,0,1,0,3,5,2,3,8,4,1,2,0,0,0,0
5102,Betye Saar,40,0,0,0,0,0,0,0,0,0,0,0,0,0,0,0,0,0,0,0,0,0,0,22,16,0,1,0,0,1,0,0,0,0,0,0
5117,Takako Saito,26,0,0,0,0,0,0,0,0,0,0,0,0,0,0,0,0,0,0,0,0,0,0,3,14,0,8,0,1,0,0,0,0,0,0,0
5121,Ibrahim El-Salahi,9,0,0,0,0,0,0,0,0,0,0,0,0,0,0,0,0,0,0,0,0,0,0,1,1,0,5,0,0,0,0,0,0,0,2,0
5128,Axel Salto,28,0,0,0,0,0,0,0,1,0,0,0,0,3,3,0,1,1,18,1,0,0,0,0,0,0,0,0,0,0,0,0,0,0,0,0
5134,Lucas Samaras,58,0,0,0,0,0,0,0,0,0,0,0,0,0,0,0,0,0,0,0,0,0,0,3,26,2,3,10,3,0,0,1,5,5,0,0
5143,Fred Sandback,24,0,0,0,0,0,0,0,0,0,0,0,0,0,0,0,0,0,0,0,0,0,0,0,4,6,1,4,8,0,1,0,0,0,0,0
5144,Willem Jacob Henri Berend Sandberg,33,0,0,0,0,0,0,0,0,0,0,4,0,0,0,0,0,0,0,0,2,14,6,5,0,0,2,0,0,0,0,0,0,0,0,0
5145,August Sander,553,0,0,0,0,0,0,0,0,2,0,1,5,58,8,78,230,129,15,16,2,9,0,0,0,0,0,0,0,0,0,0,0,0,0,0
5181,Antonio Saura,116,0,0,0,0,0,0,0,0,0,0,0,0,0,0,0,0,0,0,0,0,0,17,16,0,0,0,8,75,0,0,0,0,0,0,0
5204,Miriam Schapiro,2,0,0,0,0,0,0,0,0,0,0,0,0,0,0,0,0,0,0,0,0,0,0,0,0,0,0,0,0,0,0,0,2,0,0,0
5207,Bezalel Schatz,47,0,0,0,0,0,0,0,0,0,0,0,0,0,0,0,0,0,0,0,47,0,0,0,0,0,0,0,0,0,0,0,0,0,0,0
5215,Egon Schiele,19,0,0,0,0,0,0,0,0,0,0,0,1,13,4,1,0,0,0,0,0,0,0,0,0,0,0,0,0,0,0,0,0,0,0,0
5219,Oskar Schlemmer,29,0,0,0,0,0,0,0,0,0,0,0,0,1,0,17,1,1,9,0,0,0,0,0,0,0,0,0,0,0,0,0,0,0,0,0
5223,Edwin Schlossberg,27,0,0,0,0,0,0,0,0,0,0,0,0,0,0,0,0,0,0,0,0,0,0,0,21,1,0,4,0,0,0,0,0,1,0,0
5238,Michael Schmidt,160,0,0,0,0,0,0,0,0,0,0,0,0,0,0,0,0,0,0,0,0,0,0,0,0,0,12,3,2,142,1,0,0,0,0,0
5242,Karl Schmidt-Rottluff,53,0,0,0,0,0,0,0,0,0,0,0,3,10,11,28,0,1,0,0,0,0,0,0,0,0,0,0,0,0,0,0,0,0,0,0
5245,Julian Schnabel,4,0,0,0,0,0,0,0,0,0,0,0,0,0,0,0,0,0,0,0,0,0,0,0,0,0,0,1,1,2,0,0,0,0,0,0
5268,Karl Schrag,36,0,0,0,0,0,0,0,0,0,0,0,0,0,0,0,0,0,0,19,2,1,1,10,0,1,1,0,0,1,0,0,0,0,0,0
5273,Paul Schuitema,31,0,0,0,0,0,0,0,0,0,0,0,0,0,0,6,13,7,3,1,0,0,0,0,1,0,0,0,0,0,0,0,0,0,0,0
5281,Thomas Schütte,202,0,0,0,0,0,0,0,0,0,0,0,0,0,0,0,0,0,0,0,0,0,0,0,0,0,0,3,13,5,8,140,28,5,0,0
5293,Kurt Schwitters,150,0,0,0,0,0,0,0,0,0,0,0,0,0,7,64,54,21,1,1,1,0,0,0,0,0,0,0,0,1,0,0,0,0,0,0
5305,Sean Scully,18,0,0,0,0,0,0,0,0,0,0,0,0,0,0,0,0,0,0,0,0,0,0,0,0,0,0,0,3,12,2,1,0,0,0,0
5316,George Segal,22,0,0,0,0,0,0,0,0,0,0,0,0,0,0,0,0,0,0,0,0,0,0,5,6,1,4,0,6,0,0,0,0,0,0,0
5318,André Dunoyer de Segonzac,268,0,0,0,0,0,0,0,0,0,0,0,0,1,1,38,7,209,8,0,2,0,0,0,2,0,0,0,0,0,0,0,0,0,0,0
5337,Kurt Seligmann,24,0,0,0,0,0,0,0,0,0,0,0,0,0,0,0,0,3,4,12,2,2,0,1,0,0,0,0,0,0,0,0,0,0,0,0
5343,Luis Seoane,31,0,0,0,0,0,0,0,0,0,0,0,0,0,0,0,1,0,0,0,0,29,0,0,1,0,0,0,0,0,0,0,0,0,0,0
5349,Richard Serra,67,0,0,0,0,0,0,0,0,0,0,0,0,0,0,0,0,0,0,0,0,0,0,0,17,16,2,8,6,9,4,0,4,0,1,0
5366,Ben Shahn,124,0,0,0,0,0,0,0,0,0,0,0,0,0,0,0,1,13,26,12,15,8,11,5,32,0,0,1,0,0,0,0,0,0,0,0
5383,Charles Sheeler,27,0,0,0,0,0,0,0,0,0,0,0,0,3,4,3,7,2,3,0,1,4,0,0,0,0,0,0,0,0,0,0,0,0,0,0
5392,Cindy Sherman,91,0,0,0,0,0,0,0,0,0,0,0,0,0,0,0,0,0,0,0,0,0,0,0,0,0,57,20,4,5,1,2,2,0,0,0
5403,Mieko Shiomi,73,0,0,0,0,0,0,0,0,0,0,0,0,0,0,0,0,0,0,0,0,0,0,34,28,6,4,0,0,1,0,0,0,0,0,0
5407,Melissa Shook,31,0,0,0,0,0,0,0,0,0,0,0,0,0,0,0,0,0,0,0,0,0,0,0,0,31,0,0,0,0,0,0,0,0,0,0
5409,Stephen Shore,89,0,0,0,0,0,0,0,0,0,0,0,0,0,0,0,0,0,0,0,0,0,0,0,4,40,23,2,3,2,0,0,4,11,0,0
5414,Walter Richard Sickert,55,0,0,0,0,0,0,1,2,2,0,6,7,4,18,12,2,0,1,0,0,0,0,0,0,0,0,0,0,0,0,0,0,0,0,0
5454,David Alfaro Siqueiros,25,0,0,0,0,0,0,0,0,0,0,0,0,0,0,0,0,5,5,1,3,0,0,0,11,0,0,0,0,0,0,0,0,0,0,0
5456,Aaron Siskind,93,0,0,0,0,0,0,0,0,0,0,0,0,0,0,0,0,2,16,11,8,23,5,9,5,3,0,10,1,0,0,0,0,0,0,0
5471,John Sloan,113,0,0,0,0,0,0,0,1,4,1,4,15,16,15,17,21,18,0,1,0,0,0,0,0,0,0,0,0,0,0,0,0,0,0,0
5480,David Smith,16,0,0,0,0,0,0,0,0,0,0,0,0,0,0,0,0,0,2,2,0,5,4,3,0,0,0,0,0,0,0,0,0,0,0,0
5486,Kiki Smith,130,0,0,0,0,0,0,0,0,0,0,0,0,0,0,0,0,0,0,0,0,0,0,0,0,0,0,0,11,41,40,27,7,3,1,0
5488,Leon Polk Smith,3,0,0,0,0,0,0,0,0,0,0,0,0,0,0,0,0,0,0,0,0,0,1,1,0,0,1,0,0,0,0,0,0,0,0,0
5493,Richard Smith,11,0,0,0,0,0,0,0,0,0,0,0,0,0,0,0,0,0,0,0,0,0,0,1,3,4,2,0,1,0,0,0,0,0,0,0
5496,W. Eugene Smith,41,0,0,0,0,0,0,0,0,0,0,0,0,0,0,0,0,5,0,4,3,14,11,2,2,0,0,0,0,0,0,0,0,0,0,0
5497,Robert Smithson,50,0,0,0,0,0,0,0,0,0,0,0,0,0,0,0,0,0,0,0,0,0,0,2,29,16,0,0,0,1,0,1,1,0,0,0
5498,Kenneth Snelson,4,0,0,0,0,0,0,0,0,0,0,0,0,0,0,0,0,0,0,0,0,0,2,0,0,0,1,1,0,0,0,0,0,0,0,0
5517,Rosalind Fox Solomon,40,0,0,0,0,0,0,0,0,0,0,0,0,0,0,0,0,0,0,0,0,0,0,0,0,5,30,1,0,0,0,0,0,4,0,0
5520,Frederick Sommer,35,0,0,0,0,0,0,0,0,0,0,0,0,0,0,0,0,0,0,5,7,11,6,6,0,0,0,0,0,0,0,0,0,0,0,0
5526,Keith Sonnier,23,0,0,0,0,0,0,0,0,0,0,0,0,0,0,0,0,0,0,0,0,0,0,0,4,5,7,0,0,7,0,0,0,0,0,0
5536,Ettore Sottsass,26,0,0,0,0,0,0,0,0,0,0,0,0,0,0,0,0,0,0,0,0,0,1,0,3,18,0,1,2,1,0,0,0,0,0,0
5538,Pierre Soulages,4,0,0,0,0,0,0,0,0,0,0,0,0,0,0,0,0,0,0,0,0,0,3,0,0,1,0,0,0,0,0,0,0,0,0,0
5543,Chaim Soutine,3,0,0,0,0,0,0,0,0,0,0,0,0,0,0,2,1,0,0,0,0,0,0,0,0,0,0,0,0,0,0,0,0,0,0,0
5549,Raphael Soyer,6,0,0,0,0,0,0,0,0,0,0,0,0,0,0,0,1,3,1,0,0,0,1,0,0,0,0,0,0,0,0,0,0,0,0,0
5569,Daniel Spoerri,34,0,0,0,0,0,0,0,0,0,0,0,0,0,0,0,0,0,0,0,0,0,0,15,13,5,1,0,0,0,0,0,0,0,0,0
5599,Julian Stanczak,2,0,0,0,0,0,0,0,0,0,0,0,0,0,0,0,0,0,0,0,0,0,0,2,0,0,0,0,0,0,0,0,0,0,0,0
5607,Franciszek Starowieyski,38,0,0,0,0,0,0,0,0,0,0,0,0,0,0,0,0,0,0,0,0,0,0,2,7,8,12,8,1,0,0,0,0,0,0,0
5623,Edward Steichen,206,0,0,0,0,0,0,0,0,3,9,45,27,6,10,38,27,30,7,0,1,0,3,0,0,0,0,0,0,0,0,0,0,0,0,0
5626,Walter Stein,34,0,0,0,0,0,0,0,0,0,0,0,0,0,0,0,0,0,0,0,0,0,0,33,1,0,0,0,0,0,0,0,0,0,0,0
5627,Saul Steinberg,25,0,0,0,0,0,0,0,0,0,0,0,0,0,0,0,0,0,0,0,2,4,0,0,9,6,0,1,2,1,0,0,0,0,0,0
5637,Pat Steir,30,0,0,0,0,0,0,0,0,0,0,0,0,0,0,0,0,0,0,0,0,0,0,0,0,2,20,3,2,1,0,0,1,1,0,0
5640,Frank Stella,102,0,0,0,0,0,0,0,0,0,0,0,0,0,0,0,0,0,0,0,0,0,2,4,38,29,15,6,2,4,2,0,0,0,0,0
5641,Joseph Stella,13,0,0,0,0,0,0,0,0,0,1,5,1,1,2,0,1,1,1,0,0,0,0,0,0,0,0,0,0,0,0,0,0,0,0,0
5642,Vladimir Stenberg,32,0,0,0,0,0,0,0,0,0,0,0,0,0,2,0,30,0,0,0,0,0,0,0,0,0,0,0,0,0,0,0,0,0,0,0
5643,Varvara Stepanova,44,0,0,0,0,0,0,0,0,0,0,0,0,0,5,9,8,17,2,1,1,0,1,0,0,0,0,0,0,0,0,0,0,0,0,0
5651,Marina Stern,1,0,0,0,0,0,0,0,0,0,0,0,0,0,0,0,0,0,0,0,0,0,0,0,1,0,0,0,0,0,0,0,0,0,0,0
5656,Joel Sternfeld,59,0,0,0,0,0,0,0,0,0,0,0,0,0,0,0,0,0,0,0,0,0,0,0,0,0,16,34,5,4,0,0,0,0,0,0
5657,Florine Stettheimer,37,0,0,0,0,0,0,0,0,0,0,0,0,37,0,0,0,0,0,0,0,0,0,0,0,0,0,0,0,0,0,0,0,0,0,0
5658,Louis Stettner,4,0,0,0,0,0,0,0,0,0,0,0,0,0,0,0,0,0,0,0,1,0,2,1,0,0,0,0,0,0,0,0,0,0,0,0
5664,Alfred Stieglitz,91,0,0,0,0,0,0,0,2,12,3,15,3,12,12,12,2,12,6,0,0,0,0,0,0,0,0,0,0,0,0,0,0,0,0,0
5675,Gunta St?lzl,29,0,0,0,0,0,0,0,0,0,0,0,0,0,0,7,6,8,5,1,1,0,1,0,0,0,0,0,0,0,0,0,0,0,0,0
5685,Paul Strand,75,0,0,0,0,0,0,0,0,0,0,0,0,0,9,5,9,16,1,2,6,20,4,1,0,1,1,0,0,0,0,0,0,0,0,0
5695,James Strombotne,33,0,0,0,0,0,0,0,0,0,0,0,0,0,0,0,0,0,0,0,0,0,0,2,31,0,0,0,0,0,0,0,0,0,0,0
5720,George Sugarman,24,0,0,0,0,0,0,0,0,0,0,0,0,0,0,0,0,0,0,0,0,0,0,1,21,0,1,0,1,0,0,0,0,0,0,0
5721,Hiroshi Sugimoto,10,0,0,0,0,0,0,0,0,0,0,0,0,0,0,0,0,0,0,0,0,0,0,0,0,0,2,0,0,4,1,0,1,2,0,0
5726,Donald Sultan,31,0,0,0,0,0,0,0,0,0,0,0,0,0,0,0,0,0,0,0,0,0,0,0,0,0,0,5,18,7,0,1,0,0,0,0
5727,Larry Sultan,38,0,0,0,0,0,0,0,0,0,0,0,0,0,0,0,0,0,0,35,0,0,0,0,0,0,0,1,2,0,0,0,0,0,0,0
5729,Carol Summers,27,0,0,0,0,0,0,0,0,0,0,0,0,0,0,0,0,0,0,1,0,6,2,5,13,0,0,0,0,0,0,0,0,0,0,0
5739,Graham Sutherland,15,0,0,0,0,0,0,0,0,0,0,0,0,0,1,0,2,3,1,1,4,1,1,0,1,0,0,0,0,0,0,0,0,0,0,0
5740,Ladislav Sutnar,83,0,0,0,0,0,0,0,0,0,0,0,0,0,0,1,2,9,5,37,11,7,6,3,1,0,1,0,0,0,0,0,0,0,0,0
5749,Luke Swank,41,0,0,0,0,0,0,0,0,0,0,0,0,0,0,0,0,41,0,0,0,0,0,0,0,0,0,0,0,0,0,0,0,0,0,0
5789,Takis,6,0,0,0,0,0,0,0,0,0,0,0,0,0,0,0,0,0,0,0,0,0,2,3,0,0,1,0,0,0,0,0,0,0,0,0
5790,René Pierre Tal-Coat,26,0,0,0,0,0,0,0,0,0,0,0,0,0,0,0,0,0,1,0,1,0,0,0,0,0,24,0,0,0,0,0,0,0,0,0
5795,Rufino Tamayo,63,0,0,0,0,0,0,0,0,0,0,0,0,0,0,0,0,0,0,2,1,36,2,16,0,0,2,4,0,0,0,0,0,0,0,0
5804,Yves Tanguy,73,0,0,0,0,0,0,0,0,0,0,0,0,0,0,0,13,1,7,23,25,2,1,0,0,0,1,0,0,0,0,0,0,0,0,0
5806,Dorothea Tanning,24,0,0,0,0,0,0,0,0,0,0,0,0,0,0,0,0,0,0,0,2,8,9,3,0,0,1,0,1,0,0,0,0,0,0,0
5809,Antoni Tàpies,161,0,0,0,0,0,0,0,0,0,0,0,0,0,0,0,0,0,0,0,0,0,1,35,5,19,25,36,39,1,0,0,0,0,0,0
5811,Vladimir Tatlin,31,0,0,0,0,0,0,0,0,0,0,0,0,26,1,2,2,0,0,0,0,0,0,0,0,0,0,0,0,0,0,0,0,0,0,0
5821,Pavel Tchelitchew,78,0,0,0,0,0,0,0,0,0,0,0,0,0,5,19,7,10,14,22,1,0,0,0,0,0,0,0,0,0,0,0,0,0,0,0
5834,Eduardo Terrazas,33,0,0,0,0,0,0,0,0,0,0,0,0,0,0,0,0,0,0,0,0,0,0,0,33,0,0,0,0,0,0,0,0,0,0,0
5849,Wayne Thiebaud,10,0,0,0,0,0,0,0,0,0,0,0,0,0,0,0,0,0,0,0,0,0,0,4,0,2,1,0,1,1,1,0,0,0,0,0
5863,John Thomson,237,0,0,0,0,201,36,0,0,0,0,0,0,0,0,0,0,0,0,0,0,0,0,0,0,0,0,0,0,0,0,0,0,0,0,0
5881,Walasse Ting,50,0,0,0,0,0,0,0,0,0,0,0,0,0,0,0,0,0,0,1,0,0,0,26,23,0,0,0,0,0,0,0,0,0,0,0
5882,Jean Tinguely,17,0,0,0,0,0,0,0,0,0,0,0,0,0,0,0,0,0,0,0,0,1,2,6,4,3,0,0,1,0,0,0,0,0,0,0
5889,Mark Tobey,20,0,0,0,0,0,0,0,0,0,0,0,0,0,1,0,0,0,0,4,0,1,1,1,0,2,10,0,0,0,0,0,0,0,0,0
5895,Shomei Tomatsu,29,0,0,0,0,0,0,0,0,0,0,0,0,0,0,0,0,0,0,0,0,0,6,17,5,0,0,0,0,1,0,0,0,0,0,0
5910,Henri de Toulouse-Lautrec,185,0,0,0,0,0,0,0,0,61,119,1,0,0,0,0,0,2,2,0,0,0,0,0,0,0,0,0,0,0,0,0,0,0,0,0
5933,Rosemarie Trockel,65,0,0,0,0,0,0,0,0,0,0,0,0,0,0,0,0,0,0,0,0,0,0,0,0,0,2,12,16,15,11,2,1,5,1,0
5947,Georg Trump,62,0,0,0,0,0,0,0,0,0,0,2,0,0,0,0,11,49,0,0,0,0,0,0,0,0,0,0,0,0,0,0,0,0,0,0
5951,Jan Tschichold,31,0,0,0,0,0,0,0,0,0,0,0,0,0,0,8,15,3,2,0,2,0,1,0,0,0,0,0,0,0,0,0,0,0,0,0
5952,Augustin Tschinkel,29,0,0,0,0,0,0,0,0,0,0,0,0,0,0,1,0,26,2,0,0,0,0,0,0,0,0,0,0,0,0,0,0,0,0,0
5965,Rafael Tufi?o,24,0,0,0,0,0,0,0,0,0,0,0,0,0,0,0,0,0,2,0,0,14,0,3,4,1,0,0,0,0,0,0,0,0,0,0
5981,James Turrell,25,0,0,0,0,0,0,0,0,0,0,0,0,0,0,0,0,0,0,0,0,0,0,0,1,0,0,1,20,3,0,0,0,0,0,0
5983,Richard Tuttle,110,0,0,0,0,0,0,0,0,0,0,0,0,0,0,0,0,0,0,0,0,0,0,0,6,20,15,10,1,8,5,18,7,19,1,0
5988,Cy Twombly,26,0,0,0,0,0,0,0,0,0,0,0,0,0,0,0,0,0,0,0,0,0,1,2,11,1,8,1,1,1,0,0,0,0,0,0
5994,Edgard Tytgat,43,0,0,0,0,0,0,0,0,0,0,0,0,39,1,0,1,0,0,0,2,0,0,0,0,0,0,0,0,0,0,0,0,0,0,0
5997,Raoul Ubac,33,0,0,0,0,0,0,0,0,0,0,0,0,0,0,0,0,0,2,0,2,1,12,0,16,0,0,0,0,0,0,0,0,0,0,0
6001,Jerry Uelsmann,17,0,0,0,0,0,0,0,0,0,0,0,0,0,0,0,0,0,0,0,0,0,0,9,8,0,0,0,0,0,0,0,0,0,0,0
6046,Maurice Utrillo,59,0,0,0,0,0,0,0,0,0,1,0,0,1,1,1,46,0,0,0,0,1,8,0,0,0,0,0,0,0,0,0,0,0,0,0
6055,Suzanne Valadon,14,0,0,0,0,0,0,0,0,0,2,1,2,3,0,1,5,0,0,0,0,0,0,0,0,0,0,0,0,0,0,0,0,0,0,0
6064,Félix Vallotton,74,0,0,0,0,0,0,0,0,16,21,30,0,0,7,0,0,0,0,0,0,0,0,0,0,0,0,0,0,0,0,0,0,0,0,0
6074,James Van Der Zee,4,0,0,0,0,0,0,0,0,0,0,0,0,0,0,0,3,0,1,0,0,0,0,0,0,0,0,0,0,0,0,0,0,0,0,0
6076,Theo van Doesburg,34,0,0,0,0,0,0,0,0,0,0,0,0,0,14,11,8,0,0,0,0,1,0,0,0,0,0,0,0,0,0,0,0,0,0,0
6077,Kees van Dongen,122,0,0,0,0,0,0,0,0,0,0,0,1,0,0,0,2,0,0,49,60,1,9,0,0,0,0,0,0,0,0,0,0,0,0,0
6083,Diederick Van Kleef,24,0,0,0,0,0,0,0,0,0,0,0,0,0,0,0,0,0,0,0,0,0,0,0,0,0,0,6,18,0,0,0,0,0,0,0
6109,Victor Vasarely,38,0,0,0,0,0,0,0,0,0,0,0,0,0,0,0,0,0,0,0,1,0,1,7,29,0,0,0,0,0,0,0,0,0,0,0
6115,Ben Vautier,207,0,0,0,0,0,0,0,0,0,0,0,0,0,0,0,0,0,0,0,0,0,7,95,75,1,4,20,3,1,1,0,0,0,0,0
6119,Emilio Vedova,4,0,0,0,0,0,0,0,0,0,0,0,0,0,0,0,0,0,0,0,0,1,1,2,0,0,0,0,0,0,0,0,0,0,0,0
6132,Robert Venturi,11,0,0,0,0,0,0,0,0,0,0,0,0,0,0,0,0,0,0,0,0,0,2,0,1,1,2,5,0,0,0,0,0,0,0,0
6150,Roger Vieillard,60,0,0,0,0,0,0,0,0,0,0,0,0,0,0,0,0,0,1,0,43,0,16,0,0,0,0,0,0,0,0,0,0,0,0,0
6154,Romas Viesulas,25,0,0,0,0,0,0,0,0,0,0,0,0,0,0,0,0,0,0,0,0,0,1,11,13,0,0,0,0,0,0,0,0,0,0,0
6155,Massimo Vignelli,50,0,0,0,0,0,0,0,0,0,0,0,0,0,0,0,0,0,0,0,0,0,0,10,16,13,6,3,1,0,0,0,0,1,0,0
6165,Jacques Villon,240,0,0,0,0,0,0,0,0,3,8,10,13,16,12,34,10,11,23,6,27,34,17,16,0,0,0,0,0,0,0,0,0,0,0,0
6168,Lauretta Vinciarelli,43,0,0,0,0,0,0,0,0,0,0,0,0,0,0,0,0,0,0,0,0,0,0,0,0,4,0,0,12,8,7,12,0,0,0,0
6170,Roman Vishniac,9,0,0,0,0,0,0,0,0,0,0,0,0,0,0,0,0,0,9,0,0,0,0,0,0,0,0,0,0,0,0,0,0,0,0,0
6177,Maurice de Vlaminck,94,0,0,0,0,0,0,0,0,0,0,0,2,1,0,32,34,24,0,1,0,0,0,0,0,0,0,0,0,0,0,0,0,0,0,0
6191,Wolf Vostell,40,0,0,0,0,0,0,0,0,0,0,0,0,0,0,0,0,0,0,0,0,0,1,15,15,6,1,1,1,0,0,0,0,0,0,0
6192,Andrei Voznesensky,27,0,0,0,0,0,0,0,0,0,0,0,0,0,0,0,0,0,0,0,0,0,0,0,0,0,27,0,0,0,0,0,0,0,0,0
6194,édouard Vuillard,56,0,0,0,0,0,0,0,1,17,19,1,0,3,1,0,1,2,10,1,0,0,0,0,0,0,0,0,0,0,0,0,0,0,0,0
6246,Andy Warhol,165,0,0,0,0,0,0,0,0,0,0,0,0,0,0,0,0,0,0,0,2,4,11,48,56,18,5,14,6,0,1,0,0,0,0,0
6269,Robert Watts,166,0,0,0,0,0,0,0,0,0,0,0,0,0,0,0,0,0,0,0,0,0,1,98,45,10,6,5,1,0,0,0,0,0,0,0
6271,June Wayne,66,0,0,0,0,0,0,0,0,0,0,0,0,0,0,0,0,0,0,0,0,1,18,14,17,2,12,0,0,0,0,0,2,0,0,0
6275,Max Weber,113,0,0,0,0,0,0,0,0,0,1,0,2,6,33,16,31,20,0,0,0,2,2,0,0,0,0,0,0,0,0,0,0,0,0,0
6279,William Frederick Weege III,26,0,0,0,0,0,0,0,0,0,0,0,0,0,0,0,0,0,0,0,0,0,0,0,26,0,0,0,0,0,0,0,0,0,0,0
6281,William Wegman,140,0,0,0,0,0,0,0,0,0,0,0,0,0,0,0,0,0,0,0,0,0,0,0,0,105,27,5,1,1,1,0,0,0,0,0
6287,Dan Weiner,36,0,0,0,0,0,0,0,0,0,0,0,0,0,0,0,0,0,0,0,1,21,14,0,0,0,0,0,0,0,0,0,0,0,0,0
6288,Lawrence Weiner,109,0,0,0,0,0,0,0,0,0,0,0,0,0,0,0,0,0,0,0,0,0,0,2,7,21,17,11,11,12,9,12,5,0,2,0
6290,David Weinrib,1,0,0,0,0,0,0,0,0,0,0,0,0,0,0,0,0,0,0,0,0,0,0,0,1,0,0,0,0,0,0,0,0,0,0,0
6295,John Joseph Weiss,1,0,0,0,0,0,0,0,0,0,0,0,0,0,0,0,0,0,0,0,0,0,0,0,0,1,0,0,0,0,0,0,0,0,0,0
6317,"Henry Wessel, Jr.",8,0,0,0,0,0,0,0,0,0,0,0,0,0,0,0,0,0,0,0,0,0,0,0,2,3,2,0,1,0,0,0,0,0,0,0
6318,Tom Wesselmann,34,0,0,0,0,0,0,0,0,0,0,0,0,0,0,0,0,0,0,0,0,0,0,7,20,0,6,0,0,1,0,0,0,0,0,0
6327,Brett Weston,58,0,0,0,0,0,0,0,0,0,0,0,0,0,0,0,3,2,21,3,18,6,3,2,0,0,0,0,0,0,0,0,0,0,0,0
6329,Edward Weston,168,0,0,0,0,0,0,0,0,0,0,1,0,0,12,15,8,26,60,37,9,0,0,0,0,0,0,0,0,0,0,0,0,0,0,0
6338,Clarence H. White,48,0,0,0,0,0,0,0,0,0,9,12,19,1,4,2,1,0,0,0,0,0,0,0,0,0,0,0,0,0,0,0,0,0,0,0
6342,Minor White,43,0,0,0,0,0,0,0,0,0,0,0,0,0,0,0,0,0,0,2,9,4,21,6,0,1,0,0,0,0,0,0,0,0,0,0
6344,Stephen White,41,0,0,0,0,0,0,0,0,0,0,0,0,0,0,0,0,0,0,0,0,0,0,0,41,0,0,0,0,0,0,0,0,0,0,0
6348,Forbes Johnstone Whiteside,0,0,0,0,0,0,0,0,0,0,0,0,0,0,0,0,0,0,0,0,0,0,0,0,0,0,0,0,0,0,0,0,0,0,0,0
6351,Jack Whitten,6,0,0,0,0,0,0,0,0,0,0,0,0,0,0,0,0,0,0,0,0,0,0,0,0,3,2,0,0,0,0,0,0,1,0,0
6370,William T. Wiley,26,0,0,0,0,0,0,0,0,0,0,0,0,0,0,0,0,0,0,0,0,0,0,0,0,4,20,1,0,0,0,1,0,0,0,0
6377,Emmett Williams,55,0,0,0,0,0,0,0,0,0,0,0,0,0,0,0,0,0,0,0,0,0,14,25,4,7,2,0,1,0,0,2,0,0,0,0
6386,Christopher Wilmarth,34,0,0,0,0,0,0,0,0,0,0,0,0,0,0,0,0,0,0,0,0,0,0,0,7,8,6,9,4,0,0,0,0,0,0,0
6399,Garry Winogrand,117,0,0,0,0,0,0,0,0,0,0,0,0,0,0,0,0,0,0,0,0,11,4,46,26,26,2,2,0,0,0,0,0,0,0,0
6408,Terry Winters,96,0,0,0,0,0,0,0,0,0,0,0,0,0,0,0,0,0,0,0,0,0,0,0,0,0,0,9,37,11,8,18,7,3,1,2
6439,Grant Wood,3,0,0,0,0,0,0,0,0,0,0,0,0,0,0,0,0,1,2,0,0,0,0,0,0,0,0,0,0,0,0,0,0,0,0,0
6448,Christopher Wool,38,0,0,0,0,0,0,0,0,0,0,0,0,0,0,0,0,0,0,0,0,0,0,0,0,0,0,0,2,4,0,9,11,7,5,0
6453,Troels W?rsel,30,0,0,0,0,0,0,0,0,0,0,0,0,0,0,0,0,0,0,0,0,0,0,0,0,0,30,0,0,0,0,0,0,0,0,0
6458,Cedric Wright,28,0,0,0,0,0,0,0,0,0,0,8,0,0,0,0,0,0,14,0,6,0,0,0,0,0,0,0,0,0,0,0,0,0,0,0
6459,Frank Lloyd Wright,371,0,0,0,0,0,0,0,2,5,17,24,19,24,32,34,36,34,31,26,21,29,37,0,0,0,0,0,0,0,0,0,0,0,0,0
6463,Paul Wunderlich,31,0,0,0,0,0,0,0,0,0,0,0,0,0,0,0,0,0,0,0,0,0,1,9,9,12,0,0,0,0,0,0,0,0,0,0
6464,Andrew Wyeth,1,0,0,0,0,0,0,0,0,0,0,0,0,0,0,0,0,0,0,0,1,0,0,0,0,0,0,0,0,0,0,0,0,0,0,0
6467,Lance Wyman,52,0,0,0,0,0,0,0,0,0,0,0,0,0,0,0,0,0,0,0,0,0,0,0,51,1,0,0,0,0,0,0,0,0,0,0
6502,Tadanori Yokoo,83,0,0,0,0,0,0,0,0,0,0,0,0,0,0,0,0,0,0,0,0,0,2,3,28,8,1,1,6,6,28,0,0,0,0,0
6520,La Monte Young,63,0,0,0,0,0,0,0,0,0,0,0,0,0,0,0,0,0,0,0,0,0,20,35,5,0,0,0,3,0,0,0,0,0,0,0
6524,Jack Youngerman,20,0,0,0,0,0,0,0,0,0,0,0,0,0,0,0,0,0,0,0,0,0,2,0,18,0,0,0,0,0,0,0,0,0,0,0
6526,Adja Yunkers,40,0,0,0,0,0,0,0,0,0,0,0,0,0,0,0,0,0,1,1,0,12,0,22,3,1,0,0,0,0,0,0,0,0,0,0
6532,Léon Zack,43,0,0,0,0,0,0,0,0,0,0,0,0,0,0,0,0,0,0,0,43,0,0,0,0,0,0,0,0,0,0,0,0,0,0,0
6533,Ossip Zadkine,3,0,0,0,0,0,0,0,0,0,0,0,0,0,0,1,0,1,1,0,0,0,0,0,0,0,0,0,0,0,0,0,0,0,0,0
6537,Alfredo Zalce,63,0,0,0,0,0,0,0,0,0,0,0,0,0,0,2,0,0,2,17,40,0,0,0,0,2,0,0,0,0,0,0,0,0,0,0
6541,Enrique Za?artu,26,0,0,0,0,0,0,0,0,0,0,0,0,0,0,0,0,0,0,0,2,0,1,6,8,9,0,0,0,0,0,0,0,0,0,0
6549,Zarina,38,0,0,0,0,0,0,0,0,0,0,0,0,0,0,0,0,0,0,0,0,0,0,0,0,0,0,0,1,0,36,0,0,1,0,0
6556,Eva Zeisel,36,0,0,0,0,0,0,0,0,0,0,0,0,0,0,0,1,0,0,27,8,0,0,0,0,0,0,0,0,0,0,0,0,0,0,0
6592,Piet Zwart,56,0,0,0,0,0,0,0,0,0,0,0,0,0,0,15,21,10,5,0,0,4,1,0,0,0,0,0,0,0,0,0,0,0,0,0
6618,Robert Andrew Parker,37,0,0,0,0,0,0,0,0,0,0,0,0,0,0,0,0,0,0,0,0,2,0,11,17,2,5,0,0,0,0,0,0,0,0,0
6622,Jeff Koons,9,0,0,0,0,0,0,0,0,0,0,0,0,0,0,0,0,0,0,0,0,0,0,0,0,0,0,2,4,0,3,0,0,0,0,0
6624,Fernand Léger,217,0,0,0,0,0,0,0,0,0,0,0,2,2,29,21,5,4,3,3,46,98,4,0,0,0,0,0,0,0,0,0,0,0,0,0
6633,Ilya Kabakov,50,0,0,0,0,0,0,0,0,0,0,0,0,0,0,0,0,0,0,0,0,0,41,0,0,0,0,1,0,5,1,2,0,0,0,0
6636,Gordon Matta-Clark,33,0,0,0,0,0,0,0,0,0,0,0,0,0,0,0,0,0,0,0,0,0,0,0,0,23,10,0,0,0,0,0,0,0,0,0
6671,Annette Messager,2,0,0,0,0,0,0,0,0,0,0,0,0,0,0,0,0,0,0,0,0,0,0,0,0,0,0,0,1,0,0,0,0,1,0,0
6809,John Ashbery,1,0,0,0,0,0,0,0,0,0,0,0,0,0,0,0,0,0,0,0,0,0,0,0,0,0,0,1,0,0,0,0,0,0,0,0
6832,Martha Rosler,74,0,0,0,0,0,0,0,0,0,0,0,0,0,0,0,0,0,0,0,0,0,0,0,38,2,9,8,3,4,1,7,1,1,0,0
6891,Victor Skrebneski,1,0,0,0,0,0,0,0,0,0,0,0,0,0,0,0,0,0,0,0,0,0,0,0,1,0,0,0,0,0,0,0,0,0,0,0
6902,Glenn Ligon,20,0,0,0,0,0,0,0,0,0,0,0,0,0,0,0,0,0,0,0,0,0,0,0,0,0,0,0,2,9,1,7,1,0,0,0
6905,Damien Hirst,49,0,0,0,0,0,0,0,0,0,0,0,0,0,0,0,0,0,0,0,0,0,0,0,0,0,0,0,0,3,20,26,0,0,0,0
6910,Rachel Whiteread,21,0,0,0,0,0,0,0,0,0,0,0,0,0,0,0,0,0,0,0,0,0,0,0,0,0,0,0,0,10,8,2,1,0,0,0
6911,Tullio d'Albisola (Tullio Spartaco Mazzotti),27,0,0,0,0,0,0,0,0,0,0,0,0,0,0,0,0,27,0,0,0,0,0,0,0,0,0,0,0,0,0,0,0,0,0,0
6919,Boris Yaro,1,0,0,0,0,0,0,0,0,0,0,0,0,0,0,0,0,0,0,0,0,0,0,0,1,0,0,0,0,0,0,0,0,0,0,0
6953,Zaha Hadid,5,0,0,0,0,0,0,0,0,0,0,0,0,0,0,0,0,0,0,0,0,0,0,0,0,0,1,2,0,1,0,0,1,0,0,0
6956,Rem Koolhaas,24,0,0,0,0,0,0,0,0,0,0,0,0,0,0,0,0,0,0,0,0,0,0,0,0,2,6,3,3,3,2,2,3,0,0,0
6965,Georgii Stenberg,34,0,0,0,0,0,0,0,0,0,0,0,0,0,2,0,32,0,0,0,0,0,0,0,0,0,0,0,0,0,0,0,0,0,0,0
6972,Juan Hidalgo,54,0,0,0,0,0,0,0,0,0,0,0,0,0,0,0,0,0,0,0,0,0,0,0,0,1,0,0,1,52,0,0,0,0,0,0
6976,Bernhard Luginbühl,39,0,0,0,0,0,0,0,0,0,0,0,0,0,0,0,0,0,0,0,0,0,0,4,0,1,0,34,0,0,0,0,0,0,0,0
6977,Ronald Jones,2,0,0,0,0,0,0,0,0,0,0,0,0,0,0,0,0,0,0,0,0,0,0,0,0,0,0,0,0,2,0,0,0,0,0,0
6982,Thomas Ruff,15,0,0,0,0,0,0,0,0,0,0,0,0,0,0,0,0,0,0,0,0,0,0,0,0,0,0,1,0,4,2,5,2,1,0,0
7004,Leon Kossoff,1,0,0,0,0,0,0,0,0,0,0,0,0,0,0,0,0,0,0,0,0,0,0,0,0,0,0,0,1,0,0,0,0,0,0,0
7005,Matthew Barney,57,0,0,0,0,0,0,0,0,0,0,0,0,0,0,0,0,0,0,0,0,0,0,0,0,0,0,0,8,10,9,11,17,1,1,0
7017,Adrian Piper,61,0,0,0,0,0,0,0,0,0,0,0,0,0,0,0,0,0,0,0,0,0,0,0,40,16,0,0,2,3,0,0,0,0,0,0
7019,Rudolph Von Ripper,35,0,0,0,0,0,0,0,0,0,0,0,0,0,0,0,0,0,35,0,0,0,0,0,0,0,0,0,0,0,0,0,0,0,0,0
7027,Philip-Lorca diCorcia,40,0,0,0,0,0,0,0,0,0,0,0,0,0,0,0,0,0,0,0,0,0,0,0,0,0,0,5,9,24,0,2,0,0,0,0
7035,Gregory Crewdson,2,0,0,0,0,0,0,0,0,0,0,0,0,0,0,0,0,0,0,0,0,0,0,0,0,0,0,0,0,0,1,1,0,0,0,0
7041,Madoka Takagi,39,0,0,0,0,0,0,0,0,0,0,0,0,0,0,0,0,0,0,0,0,0,0,0,0,0,0,0,13,26,0,0,0,0,0,0
7044,Junichi Arai,4,0,0,0,0,0,0,0,0,0,0,0,0,0,0,0,0,0,0,0,0,0,0,0,0,0,0,0,0,0,2,2,0,0,0,0
7051,Betty Woodman,2,0,0,0,0,0,0,0,0,0,0,0,0,0,0,0,0,0,0,0,0,0,0,0,0,0,0,0,0,0,1,1,0,0,0,0
7080,Robert Therrien,5,0,0,0,0,0,0,0,0,0,0,0,0,0,0,0,0,0,0,0,0,0,0,0,0,0,0,0,0,1,3,1,0,0,0,0
7126,Houston Conwill,2,0,0,0,0,0,0,0,0,0,0,0,0,0,0,0,0,0,0,0,0,0,0,0,0,0,0,0,0,2,0,0,0,0,0,0
7166,Ludwig Mies van der Rohe,654,0,0,0,0,0,0,0,0,0,0,0,0,5,1,16,226,229,23,75,21,31,14,10,3,0,0,0,0,0,0,0,0,0,0,0
7177,Carrie Mae Weems,22,0,0,0,0,0,0,0,0,0,0,0,0,0,0,0,0,0,0,0,0,0,0,0,0,0,0,0,1,4,17,0,0,0,0,0
7391,Marisa Merz,1,0,0,0,0,0,0,0,0,0,0,0,0,0,0,0,0,0,0,0,0,0,0,0,0,0,0,0,0,1,0,0,0,0,0,0
7442,Lella Vignelli,32,0,0,0,0,0,0,0,0,0,0,0,0,0,0,0,0,0,0,0,0,0,0,2,11,10,6,2,1,0,0,0,0,0,0,0
7447,Mona Hatoum,17,0,0,0,0,0,0,0,0,0,0,0,0,0,0,0,0,0,0,0,0,0,0,0,0,0,0,0,1,2,5,9,0,0,0,0
7461,Gabriel Orozco,28,0,0,0,0,0,0,0,0,0,0,0,0,0,0,0,0,0,0,0,0,0,0,0,0,0,0,0,0,6,7,9,6,0,0,0
7474,General Idea,104,0,0,0,0,0,0,0,0,0,0,0,0,0,0,0,0,0,0,0,0,0,0,0,2,13,27,10,37,15,0,0,0,0,0,0
7479,Rirkrit Tiravanija,25,0,0,0,0,0,0,0,0,0,0,0,0,0,0,0,0,0,0,0,0,0,0,0,0,0,0,0,0,5,7,1,5,3,4,0
7480,Enrique Chagoya,25,0,0,0,0,0,0,0,0,0,0,0,0,0,0,0,0,0,0,0,0,0,0,0,0,0,0,0,0,1,1,1,4,12,6,0
7500,Raymond Pettibon,298,0,0,0,0,0,0,0,0,0,0,0,0,0,0,0,0,0,0,0,0,0,0,0,0,0,6,84,88,71,16,27,4,1,1,0
7520,Luc Tuymans,18,0,0,0,0,0,0,0,0,0,0,0,0,0,0,0,0,0,0,0,0,0,0,0,0,0,1,0,0,1,6,7,3,0,0,0
7521,Marlene Dumas,16,0,0,0,0,0,0,0,0,0,0,0,0,0,0,0,0,0,0,0,0,0,0,0,0,0,4,0,2,2,3,1,2,0,2,0
7532,Nan Goldin,20,0,0,0,0,0,0,0,0,0,0,0,0,0,0,0,0,0,0,0,0,0,0,0,0,0,3,12,1,1,2,1,0,0,0,0
7545,Tracey Emin,19,0,0,0,0,0,0,0,0,0,0,0,0,0,0,0,0,0,0,0,0,0,0,0,0,0,0,0,0,1,0,2,0,16,0,0
7557,Franz West,26,0,0,0,0,0,0,0,0,0,0,0,0,0,0,0,0,0,0,0,0,0,0,0,0,2,5,8,0,3,2,3,2,1,0,0
7596,Florence Knoll,1,0,0,0,0,0,0,0,0,0,0,0,0,0,0,0,0,0,0,0,0,0,1,0,0,0,0,0,0,0,0,0,0,0,0,0
7637,Paul McCarthy,42,0,0,0,0,0,0,0,0,0,0,0,0,0,0,0,0,0,0,0,0,0,0,0,0,9,7,1,5,5,2,6,5,2,0,0
7639,Ellen Gallagher,83,0,0,0,0,0,0,0,0,0,0,0,0,0,0,0,0,0,0,0,0,0,0,0,0,0,0,0,0,0,2,78,2,0,1,0
7640,Steve Wolfe,4,0,0,0,0,0,0,0,0,0,0,0,0,0,0,0,0,0,0,0,0,0,0,0,0,0,0,0,0,1,1,2,0,0,0,0
7644,Elaine Lustig Cohen,214,0,0,0,0,0,0,0,0,0,0,0,0,0,0,0,0,0,0,0,0,2,70,91,29,5,5,7,2,2,1,0,0,0,0,0
7646,Frank Paulin,1,0,0,0,0,0,0,0,0,0,0,0,0,0,0,0,0,0,0,0,0,0,1,0,0,0,0,0,0,0,0,0,0,0,0,0
7662,Franz Erhard Walther,116,0,0,0,0,0,0,0,0,0,0,0,0,0,0,0,0,0,0,0,0,0,0,8,98,9,0,0,0,0,0,0,0,0,1,0
7679,Kara Walker,67,0,0,0,0,0,0,0,0,0,0,0,0,0,0,0,0,0,0,0,0,0,0,0,0,0,0,0,0,1,8,13,17,26,2,0
7712,Carolee Schneemann,31,0,0,0,0,0,0,0,0,0,0,0,0,0,0,0,0,0,0,0,0,0,0,23,0,2,1,0,0,1,2,0,2,0,0,0
7805,Douglas Gordon,20,0,0,0,0,0,0,0,0,0,0,0,0,0,0,0,0,0,0,0,0,0,0,0,0,0,0,1,0,0,2,6,0,11,0,0
7806,Andreas Gursky,10,0,0,0,0,0,0,0,0,0,0,0,0,0,0,0,0,0,0,0,0,0,0,0,0,0,0,0,2,2,3,1,1,1,0,0
7808,Imi Knoebel,6,0,0,0,0,0,0,0,0,0,0,0,0,0,0,0,0,0,0,0,0,0,0,0,2,1,1,0,0,1,1,0,0,0,0,0
7810,Sarah Lucas,7,0,0,0,0,0,0,0,0,0,0,0,0,0,0,0,0,0,0,0,0,0,0,0,0,0,0,0,0,2,1,3,1,0,0,0
7816,VALIE EXPORT,49,0,0,0,0,0,0,0,0,0,0,0,0,0,0,0,0,0,0,0,0,0,0,0,14,22,6,2,1,0,1,0,2,1,0,0
7818,Vik Muniz,32,0,0,0,0,0,0,0,0,0,0,0,0,0,0,0,0,0,0,0,0,0,0,0,0,0,0,0,11,2,8,10,1,0,0,0
7824,Roman Signer,98,0,0,0,0,0,0,0,0,0,0,0,0,0,0,0,0,0,0,0,0,0,0,0,0,0,9,52,35,0,1,1,0,0,0,0
7825,Thomas Struth,26,0,0,0,0,0,0,0,0,0,0,0,0,0,0,0,0,0,0,0,0,0,0,0,0,0,4,3,10,7,1,0,0,1,0,0
7826,Jeff Wall,6,0,0,0,0,0,0,0,0,0,0,0,0,0,0,0,0,0,0,0,0,0,0,0,0,0,0,1,1,1,2,1,0,0,0,0
7851,Frances Benjamin Johnston,159,0,0,0,0,0,0,0,0,0,155,4,0,0,0,0,0,0,0,0,0,0,0,0,0,0,0,0,0,0,0,0,0,0,0,0
7855,Rachel Harrison,50,0,0,0,0,0,0,0,0,0,0,0,0,0,0,0,0,0,0,0,0,0,0,0,0,0,0,0,0,0,5,3,39,2,1,0
7898,Bill Viola,20,0,0,0,0,0,0,0,0,0,0,0,0,0,0,0,0,0,0,0,0,0,0,0,0,0,14,3,1,2,0,0,0,0,0,0
7908,Vivian Cherry,2,0,0,0,0,0,0,0,0,0,0,0,0,0,0,0,0,0,0,0,0,1,1,0,0,0,0,0,0,0,0,0,0,0,0,0
7919,William Kentridge,77,0,0,0,0,0,0,0,0,0,0,0,0,0,0,0,0,0,0,0,0,0,0,0,0,0,0,1,2,11,13,29,20,1,0,0
7928,Louise Lawler,63,0,0,0,0,0,0,0,0,0,0,0,0,0,0,0,0,0,0,0,0,0,0,0,0,0,7,11,15,5,7,3,3,7,5,0
7936,Wendell Castle,1,0,0,0,0,0,0,0,0,0,0,0,0,0,0,0,0,0,0,0,0,0,0,0,1,0,0,0,0,0,0,0,0,0,0,0
7965,Lisa Yuskavage,19,0,0,0,0,0,0,0,0,0,0,0,0,0,0,0,0,0,0,0,0,0,0,0,0,0,0,0,0,0,10,4,2,1,2,0
7967,Chris Ofili,22,0,0,0,0,0,0,0,0,0,0,0,0,0,0,0,0,0,0,0,0,0,0,0,0,0,0,0,0,0,14,1,5,0,2,0
8033,Fiona Banner,72,0,0,0,0,0,0,0,0,0,0,0,0,0,0,0,0,0,0,0,0,0,0,0,0,0,0,1,0,1,6,9,14,39,2,0
8042,Elizabeth Peyton,27,0,0,0,0,0,0,0,0,0,0,0,0,0,0,0,0,0,0,0,0,0,0,0,0,0,0,0,0,3,10,14,0,0,0,0
8043,Ugo Rondinone,6,0,0,0,0,0,0,0,0,0,0,0,0,0,0,0,0,0,0,0,0,0,0,0,0,0,0,0,0,0,3,2,1,0,0,0
8044,Wolfgang Tillmans,40,0,0,0,0,0,0,0,0,0,0,0,0,0,0,0,0,0,0,0,0,0,0,0,0,0,0,0,1,17,15,0,1,5,1,0
8059,Lilly Reich,72,0,0,0,0,0,0,0,0,0,0,0,0,0,0,0,2,55,13,1,1,0,0,0,0,0,0,0,0,0,0,0,0,0,0,0
8067,Robert Adamson,33,0,0,0,0,0,0,0,0,0,0,0,0,0,0,0,0,0,0,0,0,0,0,0,0,0,0,0,0,0,0,0,0,0,0,0
8080,Thomas Geismar,37,0,0,0,0,0,0,0,0,0,0,0,0,0,0,0,0,0,0,0,0,2,14,7,0,7,5,2,0,0,0,0,0,0,0,0
8083,Gordon Parks,27,0,0,0,0,0,0,0,0,0,0,0,0,0,0,0,0,0,0,5,2,3,13,4,0,0,0,0,0,0,0,0,0,0,0,0
8084,John Szarkowski,36,0,0,0,0,0,0,0,0,0,0,0,0,0,0,0,0,0,0,0,1,14,5,2,0,0,1,1,0,9,0,3,0,0,0,0
8087,Peter Doig,23,0,0,0,0,0,0,0,0,0,0,0,0,0,0,0,0,0,0,0,0,0,0,0,0,0,0,0,0,1,5,8,2,7,0,0
8093,Marcia Hafif,3,0,0,0,0,0,0,0,0,0,0,0,0,0,0,0,0,0,0,0,0,0,0,0,0,1,2,0,0,0,0,0,0,0,0,0
8095,Hilla Becher,15,0,0,0,0,0,0,0,0,0,0,0,0,0,0,0,0,0,0,0,0,0,1,1,2,4,3,2,1,0,1,0,0,0,0,0
8109,Yona Friedman,3,0,0,0,0,0,0,0,0,0,0,0,0,0,0,0,0,0,0,0,0,0,3,0,0,0,0,0,0,0,0,0,0,0,0,0
8138,Charles Norman Sladen,24,0,0,0,0,0,0,0,0,0,0,0,0,24,0,0,0,0,0,0,0,0,0,0,0,0,0,0,0,0,0,0,0,0,0,0
8139,Rineke Dijkstra,8,0,0,0,0,0,0,0,0,0,0,0,0,0,0,0,0,0,0,0,0,0,0,0,0,0,0,0,0,6,2,0,0,0,0,0
8192,Eberhard Havekost,3,0,0,0,0,0,0,0,0,0,0,0,0,0,0,0,0,0,0,0,0,0,0,0,0,0,0,0,0,0,2,1,0,0,0,0
8247,Harry Shunk,37,0,0,0,0,0,0,0,0,0,0,0,0,0,0,0,0,0,0,0,0,0,0,1,2,34,0,0,0,0,0,0,0,0,0,0
8254,Zdeněk Rossmann,48,0,0,0,0,0,0,0,0,0,0,0,0,0,0,0,1,42,5,0,0,0,0,0,0,0,0,0,0,0,0,0,0,0,0,0
8265,Wes Wilson,6,0,0,0,0,0,0,0,0,0,0,0,0,0,0,0,0,0,0,0,0,0,0,0,6,0,0,0,0,0,0,0,0,0,0,0
8276,Thomas Hirschhorn,33,0,0,0,0,0,0,0,0,0,0,0,0,0,0,0,0,0,0,0,0,0,0,0,0,0,0,0,1,2,3,27,0,0,0,0
8285,Kerry James Marshall,16,0,0,0,0,0,0,0,0,0,0,0,0,0,0,0,0,0,0,0,0,0,0,0,0,0,0,0,0,1,4,1,0,6,4,0
8292,Janine Antoni,3,0,0,0,0,0,0,0,0,0,0,0,0,0,0,0,0,0,0,0,0,0,0,0,0,0,0,0,0,1,1,1,0,0,0,0
8330,Maurizio Cattelan,6,0,0,0,0,0,0,0,0,0,0,0,0,0,0,0,0,0,0,0,0,0,0,0,0,0,0,0,0,0,1,2,2,0,1,0
8383,Francis Al?s,23,0,0,0,0,0,0,0,0,0,0,0,0,0,0,0,0,0,0,0,0,0,0,0,0,0,0,0,0,1,6,16,0,0,0,0
8394,Bonnie Maclean,2,0,0,0,0,0,0,0,0,0,0,0,0,0,0,0,0,0,0,0,0,0,0,0,2,0,0,0,0,0,0,0,0,0,0,0
8418,Philippe Starck,42,0,0,0,0,0,0,0,0,0,0,0,0,0,0,0,0,0,0,0,0,0,0,0,0,0,0,0,15,11,15,1,0,0,0,0
8444,John Currin,10,0,0,0,0,0,0,0,0,0,0,0,0,0,0,0,0,0,0,0,0,0,0,0,0,0,0,0,0,0,1,9,0,0,0,0
8472,Cecily Brown,3,0,0,0,0,0,0,0,0,0,0,0,0,0,0,0,0,0,0,0,0,0,0,0,0,0,0,0,0,0,1,2,0,0,0,0
8476,Varvara Rodchenko,24,0,0,0,0,0,0,0,0,0,0,0,0,0,0,0,0,0,0,0,1,0,1,0,7,9,2,1,3,0,0,0,0,0,0,0
8480,Takashi Murakami,9,0,0,0,0,0,0,0,0,0,0,0,0,0,0,0,0,0,0,0,0,0,0,0,0,0,0,0,0,0,6,3,0,0,0,0
8531,Vic Delucia/The New York Times,1,0,0,0,0,0,0,0,0,0,0,0,0,0,0,0,0,0,0,0,0,0,0,0,0,0,0,0,0,0,1,0,0,0,0,0
8568,Seydou Ke?ta,1,0,0,0,0,0,0,0,0,0,0,0,0,0,0,0,0,0,0,0,0,0,1,0,0,0,0,0,0,0,0,0,0,0,0,0
10328,Alvin Lustig,87,0,0,0,0,0,0,0,0,0,0,0,0,0,0,0,0,0,55,1,14,16,1,0,0,0,0,0,0,0,0,0,0,0,0,0
11875,Kirill Zdanevich,28,0,0,0,0,0,0,0,0,0,0,0,0,0,16,2,5,5,0,0,0,0,0,0,0,0,0,0,0,0,0,0,0,0,0,0
11947,Natan Al'tman,25,0,0,0,0,0,0,0,0,0,0,0,0,10,6,6,3,0,0,0,0,0,0,0,0,0,0,0,0,0,0,0,0,0,0,0
12074,Maria Siniakova,28,0,0,0,0,0,0,0,0,0,0,0,0,1,8,1,17,1,0,0,0,0,0,0,0,0,0,0,0,0,0,0,0,0,0,0
12171,Nikolai Kul'bin,35,0,0,0,0,0,0,0,0,0,0,0,0,29,4,2,0,0,0,0,0,0,0,0,0,0,0,0,0,0,0,0,0,0,0,0
12501,Gustav Klutsis,61,0,0,0,0,0,0,0,0,0,0,0,0,0,1,7,35,18,0,0,0,0,0,0,0,0,0,0,0,0,0,0,0,0,0,0
12616,Richard Wilbur,1,0,0,0,0,0,0,0,0,0,0,0,0,0,0,0,0,0,0,0,0,0,0,1,0,0,0,0,0,0,0,0,0,0,0,0
17816,Richard Benson,16,0,0,0,0,0,0,0,0,0,0,0,0,0,0,0,0,0,0,0,0,0,0,0,0,5,4,1,2,1,0,0,3,0,0,0
18701,Arthur K?pcke,29,0,0,0,0,0,0,0,0,0,0,0,0,0,0,0,0,0,0,0,0,0,0,22,1,5,1,0,0,0,0,0,0,0,0,0
18963,John Wilson,3,0,0,0,0,0,0,0,0,0,0,0,0,0,0,0,0,0,0,1,0,0,0,0,0,2,0,0,0,0,0,0,0,0,0,0
19238,Tim Rollins,42,0,0,0,0,0,0,0,0,0,0,0,0,0,0,0,0,0,0,0,0,0,0,0,0,0,0,0,19,22,1,0,0,0,0,0
19572,Nicole Eisenman,24,0,0,0,0,0,0,0,0,0,0,0,0,0,0,0,0,0,0,0,0,0,0,0,0,0,0,0,0,1,3,1,1,18,0,0
19862,David Shrigley,37,0,0,0,0,0,0,0,0,0,0,0,0,0,0,0,0,0,0,0,0,0,0,0,0,0,0,0,0,0,0,4,33,0,0,0
21398,George Maciunas,493,0,0,0,0,0,0,0,0,0,0,0,0,0,0,0,1,0,0,0,2,9,5,155,167,79,71,1,0,0,0,1,2,0,0,0
22436,Natsuyuki Nakanishi,4,0,0,0,0,0,0,0,0,0,0,0,0,0,0,0,0,0,0,0,0,0,0,1,3,0,0,0,0,0,0,0,0,0,0,0
22579,Jens Risom,1,0,0,0,0,0,0,0,0,0,0,0,0,0,0,0,0,0,0,1,0,0,0,0,0,0,0,0,0,0,0,0,0,0,0,0
22897,Kevin Roche,1,0,0,0,0,0,0,0,0,0,0,0,0,0,0,0,0,0,0,0,0,0,0,1,0,0,0,0,0,0,0,0,0,0,0,0
22983,Tacita Dean,13,0,0,0,0,0,0,0,0,0,0,0,0,0,0,0,0,0,0,0,0,0,0,0,0,0,0,0,0,0,3,8,2,0,0,0
23005,James Siena,47,0,0,0,0,0,0,0,0,0,0,0,0,0,0,0,0,0,0,0,0,0,0,0,0,0,0,0,0,3,15,14,14,0,1,0
24869,Yinka Shonibare,7,0,0,0,0,0,0,0,0,0,0,0,0,0,0,0,0,0,0,0,0,0,0,0,0,0,0,0,0,0,1,0,0,0,6,0
25181,Micha?l Borremans,6,0,0,0,0,0,0,0,0,0,0,0,0,0,0,0,0,0,0,0,0,0,0,0,0,0,0,0,0,0,0,5,1,0,0,0
25299,Chéri Samba,3,0,0,0,0,0,0,0,0,0,0,0,0,0,0,0,0,0,0,0,0,0,0,0,0,0,0,0,1,0,1,1,0,0,0,0
25414,Julie Mehretu,15,0,0,0,0,0,0,0,0,0,0,0,0,0,0,0,0,0,0,0,0,0,0,0,0,0,0,0,0,0,0,4,4,4,3,0
25465,Huang Yong Ping,3,0,0,0,0,0,0,0,0,0,0,0,0,0,0,0,0,0,0,0,0,0,0,0,0,0,0,0,1,0,1,1,0,0,0,0
25523,Yoshitomo Nara,145,0,0,0,0,0,0,0,0,0,0,0,0,0,0,0,0,0,0,0,0,0,0,0,0,0,0,0,0,135,1,8,0,1,0,0
25552,Gilbert Proesch,50,0,0,0,0,0,0,0,0,0,0,0,0,0,0,0,0,0,0,0,0,0,0,0,2,34,9,3,2,0,0,0,0,0,0,0
25982,Olafur Eliasson,9,0,0,0,0,0,0,0,0,0,0,0,0,0,0,0,0,0,0,0,0,0,0,0,0,0,0,0,0,0,1,4,2,2,0,0
25983,Rodney Graham,57,0,0,0,0,0,0,0,0,0,0,0,0,0,0,0,0,0,0,0,0,0,0,0,0,0,0,2,9,9,6,11,11,9,0,0
26439,Marina Abramovi?,21,0,0,0,0,0,0,0,0,0,0,0,0,0,0,0,0,0,0,0,0,0,0,0,0,6,7,1,1,0,3,0,3,0,0,0
26555,Malick Sidibé,6,0,0,0,0,0,0,0,0,0,0,0,0,0,0,0,0,0,0,0,0,0,0,2,2,2,0,0,0,0,0,0,0,0,0,0
26617,álvaro Barrios,25,0,0,0,0,0,0,0,0,0,0,0,0,0,0,0,0,0,0,0,0,0,0,0,0,1,8,8,1,0,1,2,4,0,0,0
26661,Agnès Varda,5,0,0,0,0,0,0,0,0,0,0,0,0,0,0,0,0,0,0,0,0,0,0,0,1,0,0,0,0,0,1,2,1,0,0,0
26770,José Antonio Suárez Londo?o,236,0,0,0,0,0,0,0,0,0,0,0,0,0,0,0,0,0,0,0,0,0,0,0,0,0,15,0,7,54,65,43,44,8,0,0
27003,Noel Zeller,2,0,0,0,0,0,0,0,0,0,0,0,0,0,0,0,0,0,0,0,0,0,0,0,0,0,0,1,0,0,1,0,0,0,0,0
27154,Anne Chu,2,0,0,0,0,0,0,0,0,0,0,0,0,0,0,0,0,0,0,0,0,0,0,0,0,0,0,0,0,1,0,1,0,0,0,0
27431,Neo Rauch,3,0,0,0,0,0,0,0,0,0,0,0,0,0,0,0,0,0,0,0,0,0,0,0,0,0,0,0,0,0,0,3,0,0,0,0
27821,Robin Rhode,3,0,0,0,0,0,0,0,0,0,0,0,0,0,0,0,0,0,0,0,0,0,0,0,0,0,0,0,0,0,0,1,1,1,0,0
28097,Wangechi Mutu,3,0,0,0,0,0,0,0,0,0,0,0,0,0,0,0,0,0,0,0,0,0,0,0,0,0,0,0,0,0,0,2,1,0,0,0
28198,Robert Hodgins,3,0,0,0,0,0,0,0,0,0,0,0,0,0,0,0,0,0,0,0,0,0,0,0,0,0,0,0,0,0,0,2,1,0,0,0
28202,Dan Rakgoathe,1,0,0,0,0,0,0,0,0,0,0,0,0,0,0,0,0,0,0,0,0,0,0,0,0,1,0,0,0,0,0,0,0,0,0,0
28560,Julie Becker,2,0,0,0,0,0,0,0,0,0,0,0,0,0,0,0,0,0,0,0,0,0,0,0,0,0,0,0,0,0,1,1,0,0,0,0
28588,Dawn Clements,2,0,0,0,0,0,0,0,0,0,0,0,0,0,0,0,0,0,0,0,0,0,0,0,0,0,0,0,0,0,0,2,0,0,0,0
28602,Jaime Davidovich,4,0,0,0,0,0,0,0,0,0,0,0,0,0,0,0,0,0,0,0,0,0,0,0,0,3,1,0,0,0,0,0,0,0,0,0
28632,Isa Genzken,14,0,0,0,0,0,0,0,0,0,0,0,0,0,0,0,0,0,0,0,0,0,0,0,0,1,3,1,0,3,1,4,1,0,0,0
28663,Christian Holstad,40,0,0,0,0,0,0,0,0,0,0,0,0,0,0,0,0,0,0,0,0,0,0,0,0,0,0,0,0,0,1,39,0,0,0,0
28690,William Leavitt,29,0,0,0,0,0,0,0,0,0,0,0,0,0,0,0,0,0,0,0,0,0,0,0,3,6,2,1,3,5,0,0,0,9,0,0
28753,Joyce Pensato,3,0,0,0,0,0,0,0,0,0,0,0,0,0,0,0,0,0,0,0,0,0,0,0,0,0,0,0,0,0,0,3,0,0,0,0
28798,Dana Schutz,3,0,0,0,0,0,0,0,0,0,0,0,0,0,0,0,0,0,0,0,0,0,0,0,0,0,0,0,0,0,0,0,3,0,0,0
28822,Peter Stauss,28,0,0,0,0,0,0,0,0,0,0,0,0,0,0,0,0,0,0,0,0,0,0,0,0,0,0,0,0,0,0,28,0,0,0,0
28858,Christopher Williams,31,0,0,0,0,0,0,0,0,0,0,0,0,0,0,0,0,0,0,0,0,0,0,0,0,0,0,1,0,4,3,4,10,9,0,0
28865,Erwin Wurm,9,0,0,0,0,0,0,0,0,0,0,0,0,0,0,0,0,0,0,0,0,0,0,0,0,0,0,0,0,0,3,5,1,0,0,0
28875,Chris Marker,25,0,0,0,0,0,0,0,0,0,0,0,0,0,0,0,0,0,0,0,0,0,0,0,0,0,0,0,5,18,1,0,1,0,0,0
28982,Steve McQueen,5,0,0,0,0,0,0,0,0,0,0,0,0,0,0,0,0,0,0,0,0,0,0,0,0,0,0,0,0,0,1,0,4,0,0,0
29427,Milan Kní?ák,127,0,0,0,0,0,0,0,0,0,0,0,0,0,0,0,0,0,0,0,0,0,0,21,43,19,21,18,2,1,0,1,1,0,0,0
29982,Stanley Brouwn,27,0,0,0,0,0,0,0,0,0,0,0,0,0,0,0,0,0,0,0,0,0,0,4,3,12,3,2,3,0,0,0,0,0,0,0
30187,Rudy VanderLans,70,0,0,0,0,0,0,0,0,0,0,0,0,0,0,0,0,0,0,0,0,0,0,0,0,0,0,2,12,19,20,15,2,0,0,0
30188,Zuzana Licko,70,0,0,0,0,0,0,0,0,0,0,0,0,0,0,0,0,0,0,0,0,0,0,0,0,0,0,2,12,19,20,15,2,0,0,0
30876,Frédéric Bruly Bouabré,481,0,0,0,0,0,0,0,0,0,0,0,0,0,0,0,0,0,0,0,0,0,0,0,0,0,0,0,7,462,9,0,3,0,0,0
30905,Harun Farocki,43,0,0,0,0,0,0,0,0,0,0,0,0,0,0,0,0,0,0,0,0,0,0,0,2,0,2,3,4,4,5,11,8,4,0,0
30937,Susan Hiller,2,0,0,0,0,0,0,0,0,0,0,0,0,0,0,0,0,0,0,0,0,0,0,0,0,0,0,0,0,0,1,0,0,1,0,0
32115,John Muafangejo,1,0,0,0,0,0,0,0,0,0,0,0,0,0,0,0,0,0,0,0,0,0,0,0,0,1,0,0,0,0,0,0,0,0,0,0
32208,Jem Cohen,37,0,0,0,0,0,0,0,0,0,0,0,0,0,0,0,0,0,0,0,0,0,0,0,0,0,0,0,9,5,7,2,11,3,0,0
32216,Ximena Cuevas,24,0,0,0,0,0,0,0,0,0,0,0,0,0,0,0,0,0,0,0,0,0,0,0,0,0,0,3,1,3,14,2,1,0,0,0
32250,Jean-Luc Godard,24,0,0,0,0,0,0,0,0,0,0,0,0,0,0,0,0,0,0,0,0,0,0,1,2,0,4,5,9,1,2,0,0,0,0,0
32272,Faith Hubley,42,0,0,0,0,0,0,0,0,0,0,0,0,0,0,0,0,0,0,0,0,0,13,2,4,2,6,4,4,3,4,0,0,0,0,0
32428,Steina,24,0,0,0,0,0,0,0,0,0,0,0,0,0,0,0,0,0,0,0,0,0,0,0,0,10,1,7,3,1,2,0,0,0,0,0
32430,Woody Vasulka,19,0,0,0,0,0,0,0,0,0,0,0,0,0,0,0,0,0,0,0,0,0,0,0,0,13,0,4,2,0,0,0,0,0,0,0
32487,Tony Conrad,2,0,0,0,0,0,0,0,0,0,0,0,0,0,0,0,0,0,0,0,0,0,0,0,0,1,0,0,0,0,0,0,0,1,0,0
32559,Berni Searle,2,0,0,0,0,0,0,0,0,0,0,0,0,0,0,0,0,0,0,0,0,0,0,0,0,0,0,0,0,0,0,0,2,0,0,0
32655,Rolf Harder,50,0,0,0,0,0,0,0,0,0,0,0,0,0,0,0,0,0,0,0,0,0,0,14,7,1,11,5,4,5,1,2,0,0,0,0
32750,Chip Lord,30,0,0,0,0,0,0,0,0,0,0,0,0,0,0,0,0,0,0,0,0,0,0,0,0,16,3,6,4,1,0,0,0,0,0,0
32795,Yutaka Matsuzawa,79,0,0,0,0,0,0,0,0,0,0,0,0,0,0,0,0,0,0,0,0,0,1,10,39,28,1,0,0,0,0,0,0,0,0,0
33046,Neri Oxman,28,0,0,0,0,0,0,0,0,0,0,0,0,0,0,0,0,0,0,0,0,0,0,0,0,0,0,0,0,0,0,0,5,8,15,0
33393,Mark Bradford,5,0,0,0,0,0,0,0,0,0,0,0,0,0,0,0,0,0,0,0,0,0,0,0,0,0,0,0,0,0,0,0,1,2,2,0
33693,Irma Boom,43,0,0,0,0,0,0,0,0,0,0,0,0,0,0,0,0,0,0,0,0,0,0,0,0,0,0,0,3,4,5,11,7,12,1,0
33825,Aleksandra Mir,166,0,0,0,0,0,0,0,0,0,0,0,0,0,0,0,0,0,0,0,0,0,0,0,0,0,0,0,0,3,10,73,61,19,0,0
33845,John Hubley,26,0,0,0,0,0,0,0,0,0,0,0,0,0,0,0,0,0,0,0,0,0,15,2,4,3,2,0,0,0,0,0,0,0,0,0
34111,David Bowie,35,0,0,0,0,0,0,0,0,0,0,0,0,0,0,0,0,0,0,0,0,0,0,0,0,4,5,8,6,4,7,1,0,0,0,0
34220,Candida H?fer,1,0,0,0,0,0,0,0,0,0,0,0,0,0,0,0,0,0,0,0,0,0,0,0,0,0,0,0,0,0,0,0,1,0,0,0
34459,Paul Sharits,33,0,0,0,0,0,0,0,0,0,0,0,0,0,0,0,0,0,0,0,0,0,0,0,25,5,2,1,0,0,0,0,0,0,0,0
34532,Isaac Julien,2,0,0,0,0,0,0,0,0,0,0,0,0,0,0,0,0,0,0,0,0,0,0,0,0,0,0,0,0,0,0,1,0,1,0,0
34619,El Anatsui,3,0,0,0,0,0,0,0,0,0,0,0,0,0,0,0,0,0,0,0,0,0,0,0,0,0,0,0,0,0,0,0,1,2,0,0
34722,Ai Weiwei,13,0,0,0,0,0,0,0,0,0,0,0,0,0,0,0,0,0,0,0,0,0,0,0,0,0,0,0,0,1,9,1,2,0,0,0
34784,Trisha Brown,11,0,0,0,0,0,0,0,0,0,0,0,0,0,0,0,0,0,0,0,0,0,0,0,1,6,3,0,1,0,0,0,0,0,0,0
34797,Ulay,2,0,0,0,0,0,0,0,0,0,0,0,0,0,0,0,0,0,0,0,0,0,0,0,0,0,1,1,0,0,0,0,0,0,0,0
34908,Simone Forti,26,0,0,0,0,0,0,0,0,0,0,0,0,0,0,0,0,0,0,0,0,0,0,11,2,7,1,2,0,0,0,0,0,3,0,0
34915,Steve Reinke,100,0,0,0,0,0,0,0,0,0,0,0,0,0,0,0,0,0,0,0,0,0,0,0,0,0,0,0,3,50,47,0,0,0,0,0
35285,Walid Raad,11,0,0,0,0,0,0,0,0,0,0,0,0,0,0,0,0,0,0,0,0,0,0,0,0,0,0,0,1,0,1,4,1,3,1,0
35796,Henry Flynt,59,0,0,0,0,0,0,0,0,0,0,0,0,0,0,0,0,0,0,0,0,0,1,39,13,1,1,4,0,0,0,0,0,0,0,0
36471,Alison Knowles,50,0,0,0,0,0,0,0,0,0,0,0,0,0,0,0,0,0,0,0,0,0,0,24,19,0,2,2,1,0,0,2,0,0,0,0
37006,Peter Moore,24,0,0,0,0,0,0,0,0,0,0,0,0,0,0,0,0,0,0,0,0,0,0,17,1,4,2,0,0,0,0,0,0,0,0,0
37071,Glenn O'Brien,0,0,0,0,0,0,0,0,0,0,0,0,0,0,0,0,0,0,0,0,0,0,0,0,0,0,0,0,0,0,0,0,0,0,0,0
37145,Pope.L,161,0,0,0,0,0,0,0,0,0,0,0,0,0,0,0,0,0,0,0,0,0,0,0,0,0,2,0,0,8,8,44,97,0,2,0
37306,Edit deAk,1,0,0,0,0,0,0,0,0,0,0,0,0,0,0,0,0,0,0,0,0,0,0,0,0,0,1,0,0,0,0,0,0,0,0,0
37364,Barbara Hammer,2,0,0,0,0,0,0,0,0,0,0,0,0,0,0,0,0,0,0,0,0,0,0,0,0,0,0,1,0,0,0,0,1,0,0,0
37500,Kate Millett,0,0,0,0,0,0,0,0,0,0,0,0,0,0,0,0,0,0,0,0,0,0,0,0,0,0,0,0,0,0,0,0,0,0,0,0
38004,Ray Tomlinson,1,0,0,0,0,0,0,0,0,0,0,0,0,0,0,0,0,0,0,0,0,0,0,0,0,1,0,0,0,0,0,0,0,0,0,0
38015,May Stevens,3,0,0,0,0,0,0,0,0,0,0,0,0,0,0,0,0,0,0,0,0,0,0,0,0,1,0,0,0,0,0,0,2,0,0,0
38024,János Kender,37,0,0,0,0,0,0,0,0,0,0,0,0,0,0,0,0,0,0,0,0,0,0,1,2,34,0,0,0,0,0,0,0,0,0,0
38029,Roe Ethridge,30,0,0,0,0,0,0,0,0,0,0,0,0,0,0,0,0,0,0,0,0,0,0,0,0,0,0,0,0,0,0,1,3,26,0,0
38941,William Plumb,1,0,0,0,0,0,0,0,0,0,0,0,0,0,0,0,0,0,0,0,0,0,0,1,0,0,0,0,0,0,0,0,0,0,0,0
39150,Stefanie Posavec,53,0,0,0,0,0,0,0,0,0,0,0,0,0,0,0,0,0,0,0,0,0,0,0,0,0,0,0,0,0,0,0,0,17,36,0
39643,Ian Wilson,3,0,0,0,0,0,0,0,0,0,0,0,0,0,0,0,0,0,0,0,0,0,0,0,0,3,0,0,0,0,0,0,0,0,0,0
39696,Lynn Hershman Leeson,42,0,0,0,0,0,0,0,0,0,0,0,0,0,0,0,0,0,0,0,0,0,0,0,1,4,35,1,0,1,0,0,0,0,0,0
39961,Tauba Auerbach,30,0,0,0,0,0,0,0,0,0,0,0,0,0,0,0,0,0,0,0,0,0,0,0,0,0,0,0,0,0,0,0,7,20,3,0
40383,Bill Rauhauser,2,0,0,0,0,0,0,0,0,0,0,0,0,0,0,0,0,0,0,0,0,1,1,0,0,0,0,0,0,0,0,0,0,0,0,0
41140,Corita Kent (Sister Mary Corita),27,0,0,0,0,0,0,0,0,0,0,0,0,0,0,0,0,0,0,0,0,0,0,0,27,0,0,0,0,0,0,0,0,0,0,0
41208,Frank Gardner,6,0,0,0,0,0,0,0,0,0,0,0,0,0,0,0,0,0,0,0,0,0,0,0,2,4,0,0,0,0,0,0,0,0,0,0
41278,Akram Zaatari,6,0,0,0,0,0,0,0,0,0,0,0,0,0,0,0,0,0,0,0,0,0,0,0,0,2,0,0,0,0,0,1,1,2,0,0
41345,Kader Attia,2,0,0,0,0,0,0,0,0,0,0,0,0,0,0,0,0,0,0,0,0,0,0,0,0,0,0,0,0,0,0,0,0,2,0,0
41664,Wael Shawky,16,0,0,0,0,0,0,0,0,0,0,0,0,0,0,0,0,0,0,0,0,0,0,0,0,0,0,0,0,0,0,0,0,16,0,0
41829,Ben Kinmont,328,0,0,0,0,0,0,0,0,0,0,0,0,0,0,0,0,0,0,0,0,0,0,0,0,0,0,0,0,20,51,49,54,113,41,0
42142,Richard Kaplan,2,0,0,0,0,0,0,0,0,0,0,0,0,0,0,0,0,0,0,0,0,0,0,0,0,0,0,0,0,0,1,1,0,0,0,0
42323,Yto Barrada,9,0,0,0,0,0,0,0,0,0,0,0,0,0,0,0,0,0,0,0,0,0,0,0,0,0,0,0,0,0,1,4,2,2,0,0
42333,Irwin Kremen,1,0,0,0,0,0,0,0,0,0,0,0,0,0,0,0,0,0,0,0,0,0,0,0,0,0,1,0,0,0,0,0,0,0,0,0
42455,Zanele Muholi,6,0,0,0,0,0,0,0,0,0,0,0,0,0,0,0,0,0,0,0,0,0,0,0,0,0,0,0,0,0,0,0,0,5,1,0
42490,Diane Lewis,3,0,0,0,0,0,0,0,0,0,0,0,0,0,0,0,0,0,0,0,0,0,0,0,0,0,0,0,0,0,0,2,1,0,0,0
42787,Carol Rama,1,0,0,0,0,0,0,0,0,0,0,0,0,0,0,0,0,0,0,0,0,0,0,0,1,0,0,0,0,0,0,0,0,0,0,0
43702,Nicolás Paris,32,0,0,0,0,0,0,0,0,0,0,0,0,0,0,0,0,0,0,0,0,0,0,0,0,0,0,0,0,0,0,0,16,8,8,0
44064,David Palladini,1,0,0,0,0,0,0,0,0,0,0,0,0,0,0,0,0,0,0,0,0,0,0,0,1,0,0,0,0,0,0,0,0,0,0,0
44110,J.D. 'Okhai Ojeikere,3,0,0,0,0,0,0,0,0,0,0,0,0,0,0,0,0,0,0,0,0,0,0,0,0,3,0,0,0,0,0,0,0,0,0,0
44336,Hugo van Werden,26,0,0,0,11,15,0,0,0,0,0,0,0,0,0,0,0,0,0,0,0,0,0,0,0,0,0,0,0,0,0,0,0,0,0,0
45626,Lutz Bacher,0,0,0,0,0,0,0,0,0,0,0,0,0,0,0,0,0,0,0,0,0,0,0,0,0,0,0,0,0,0,0,0,0,0,0,0
45801,Ed Clark,0,0,0,0,0,0,0,0,0,0,0,0,0,0,0,0,0,0,0,0,0,0,0,0,0,0,0,0,0,0,0,0,0,0,0,0
45968,Beatrice Trueblood,28,0,0,0,0,0,0,0,0,0,0,0,0,0,0,0,0,0,0,0,0,0,0,0,28,0,0,0,0,0,0,0,0,0,0,0
46283,Leslie Thornton,1,0,0,0,0,0,0,0,0,0,0,0,0,0,0,0,0,0,0,0,0,0,1,0,0,0,0,0,0,0,0,0,0,0,0,0
46490,Bob Seidmann,1,0,0,0,0,0,0,0,0,0,0,0,0,0,0,0,0,0,0,0,0,0,0,0,1,0,0,0,0,0,0,0,0,0,0,0
46962,Lynette Yiadom-Boakye,6,0,0,0,0,0,0,0,0,0,0,0,0,0,0,0,0,0,0,0,0,0,0,0,0,0,0,0,0,0,0,0,0,4,2,0
47017,Eldzier Cortor,5,0,0,0,0,0,0,0,0,0,0,0,0,0,0,0,0,0,0,1,0,0,2,0,0,2,0,0,0,0,0,0,0,0,0,0
47100,Bouchra Khalili,2,0,0,0,0,0,0,0,0,0,0,0,0,0,0,0,0,0,0,0,0,0,0,0,0,0,0,0,0,0,0,0,1,1,0,0
47165,Annie Leibovitz,1,0,0,0,0,0,0,0,0,0,0,0,0,0,0,0,0,0,0,0,0,0,0,0,0,0,0,1,0,0,0,0,0,0,0,0
47283,Arnold Rosenberg,2,0,0,0,0,0,0,0,0,0,0,0,0,0,0,0,0,0,0,0,0,0,0,0,0,0,2,0,0,0,0,0,0,0,0,0
47462,Etel Adnan,1,0,0,0,0,0,0,0,0,0,0,0,0,0,0,0,0,0,0,0,0,0,0,0,1,0,0,0,0,0,0,0,0,0,0,0
47846,Aretha Franklin,1,0,0,0,0,0,0,0,0,0,0,0,0,0,0,0,0,0,0,0,0,0,0,0,0,0,0,0,1,0,0,0,0,0,0,0
47922,Claude Parent,3,0,0,0,0,0,0,0,0,0,0,0,0,0,0,0,0,0,0,0,0,0,0,0,1,2,0,0,0,0,0,0,0,0,0,0
47977,Gilbert Baker,1,0,0,0,0,0,0,0,0,0,0,0,0,0,0,0,0,0,0,0,0,0,0,0,0,0,1,0,0,0,0,0,0,0,0,0
47983,Mirko Ili?,33,0,0,0,0,0,0,0,0,0,0,0,0,0,0,0,0,0,0,0,0,0,0,0,0,0,8,23,2,0,0,0,0,0,0,0
48043,Joseph Schwartz,1,0,0,0,0,0,0,0,0,0,0,0,0,0,0,0,0,0,0,1,0,0,0,0,0,0,0,0,0,0,0,0,0,0,0,0
49095,Nancy Reddin Kienholz,1,0,0,0,0,0,0,0,0,0,0,0,0,0,0,0,0,0,0,0,0,0,0,0,0,0,0,1,0,0,0,0,0,0,0,0
49571,John Akomfrah,1,0,0,0,0,0,0,0,0,0,0,0,0,0,0,0,0,0,0,0,0,0,0,0,0,0,0,0,0,0,0,0,0,1,0,0
49887,Charles Harrison,1,0,0,0,0,0,0,0,0,0,0,0,0,0,0,0,0,0,0,0,0,0,0,1,0,0,0,0,0,0,0,0,0,0,0,0
67095,Samuel Fosso,1,0,0,0,0,0,0,0,0,0,0,0,0,0,0,0,0,0,0,0,0,0,0,0,0,0,0,0,0,0,0,0,1,0,0,0
67100,Ali Tayar,2,0,0,0,0,0,0,0,0,0,0,0,0,0,0,0,0,0,0,0,0,0,0,0,0,0,0,0,0,1,0,1,0,0,0,0
67122,Giorgia Lupi,53,0,0,0,0,0,0,0,0,0,0,0,0,0,0,0,0,0,0,0,0,0,0,0,0,0,0,0,0,0,0,0,0,17,36,0
67272,Toyin Ojih Odutola,5,0,0,0,0,0,0,0,0,0,0,0,0,0,0,0,0,0,0,0,0,0,0,0,0,0,0,0,0,0,0,0,0,3,2,0
67665,Fré Cohen,48,0,0,0,0,0,0,0,0,0,0,0,0,0,0,6,16,20,6,0,0,0,0,0,0,0,0,0,0,0,0,0,0,0,0,0
67667,Steve Kahn,1,0,0,0,0,0,0,0,0,0,0,0,0,0,0,0,0,0,0,0,0,0,0,0,0,0,1,0,0,0,0,0,0,0,0,0
68020,Theaster Gates,2,0,0,0,0,0,0,0,0,0,0,0,0,0,0,0,0,0,0,0,0,0,0,0,0,0,0,0,0,0,0,0,0,0,2,0
68023,Adrian Ghenie,2,0,0,0,0,0,0,0,0,0,0,0,0,0,0,0,0,0,0,0,0,0,0,0,0,0,0,0,0,0,0,0,0,0,2,0
68159,Barkley L. Hendricks,4,0,0,0,0,0,0,0,0,0,0,0,0,0,0,0,0,0,0,0,0,0,0,0,0,1,3,0,0,0,0,0,0,0,0,0
68319,Bodys Isek Kingelez,3,0,0,0,0,0,0,0,0,0,0,0,0,0,0,0,0,0,0,0,0,0,0,0,0,0,0,0,0,2,1,0,0,0,0,0
69495,Hal Fischer,24,0,0,0,0,0,0,0,0,0,0,0,0,0,0,0,0,0,0,0,0,0,0,0,0,0,24,0,0,0,0,0,0,0,0,0
69618,Jerry Lewis,1,0,0,0,0,0,0,0,0,0,0,0,0,0,0,0,0,0,0,0,0,0,0,1,0,0,0,0,0,0,0,0,0,0,0,0
69642,Nicolas Party,2,0,0,0,0,0,0,0,0,0,0,0,0,0,0,0,0,0,0,0,0,0,0,0,0,0,0,0,0,0,0,0,0,0,2,0
69800,Valentin Jeck,27,0,0,0,0,0,0,0,0,0,0,0,0,0,0,0,0,0,0,0,0,0,0,0,0,0,0,0,0,0,0,0,0,0,27,0
69823,Ted Purves,1,0,0,0,0,0,0,0,0,0,0,0,0,0,0,0,0,0,0,0,0,0,0,0,0,0,0,0,0,0,0,1,0,0,0,0
69898,Fran?oise Janicot,0,0,0,0,0,0,0,0,0,0,0,0,0,0,0,0,0,0,0,0,0,0,0,0,0,0,0,0,0,0,0,0,0,0,0,0
74001,Kikuo Saito,0,0,0,0,0,0,0,0,0,0,0,0,0,0,0,0,0,0,0,0,0,0,0,0,0,0,0,0,0,0,0,0,0,0,0,0
74339,Saloua Raouda Choucair,2,0,0,0,0,0,0,0,0,0,0,0,0,0,0,0,0,0,0,0,0,0,1,1,0,0,0,0,0,0,0,0,0,0,0,0
74387,Ulrik Heltoft,25,0,0,0,0,0,0,0,0,0,0,0,0,0,0,0,0,0,0,0,0,0,0,0,0,0,0,0,0,0,0,0,0,25,0,0
74412,Idelle Weber,0,0,0,0,0,0,0,0,0,0,0,0,0,0,0,0,0,0,0,0,0,0,0,0,0,0,0,0,0,0,0,0,0,0,0,0
74435,Gareth Nyandoro,1,0,0,0,0,0,0,0,0,0,0,0,0,0,0,0,0,0,0,0,0,0,0,0,0,0,0,0,0,0,0,0,0,0,1,0
74643,Phase 2,0,0,0,0,0,0,0,0,0,0,0,0,0,0,0,0,0,0,0,0,0,0,0,0,0,0,0,0,0,0,0,0,0,0,0,0
75467,Moke,2,0,0,0,0,0,0,0,0,0,0,0,0,0,0,0,0,0,0,0,0,0,0,0,0,0,0,1,1,0,0,0,0,0,0,0
75704,Jonathan Demme,1,0,0,0,0,0,0,0,0,0,0,0,0,0,0,0,0,0,0,0,0,0,0,0,0,0,0,0,1,0,0,0,0,0,0,0
131253,Joanne Leonard,49,0,0,0,0,0,0,0,0,0,0,0,0,0,0,0,0,0,0,0,0,0,0,11,5,11,21,1,0,0,0,0,0,0,0,0
131723,Barbara Jones-Hogu,3,0,0,0,0,0,0,0,0,0,0,0,0,0,0,0,0,0,0,0,0,0,0,0,2,1,0,0,0,0,0,0,0,0,0,0
131770,Farah Al Qasimi,5,0,0,0,0,0,0,0,0,0,0,0,0,0,0,0,0,0,0,0,0,0,0,0,0,0,0,0,0,0,0,0,0,0,5,0
131840,Terry Dennett,6,0,0,0,0,0,0,0,0,0,0,0,0,0,0,0,0,0,0,0,0,0,0,0,0,0,0,6,0,0,0,0,0,0,0,0
131903,Laure Prouvost,1,0,0,0,0,0,0,0,0,0,0,0,0,0,0,0,0,0,0,0,0,0,0,0,0,0,0,0,0,0,0,0,0,1,0,0
131958,Tsuruko Yamazaki,0,0,0,0,0,0,0,0,0,0,0,0,0,0,0,0,0,0,0,0,0,0,0,0,0,0,0,0,0,0,0,0,0,0,0,0
