Name,ConstituentID,Nationality,Continent,Rank,Count,Gender,BeginDate,EndDate,Plot_Path,Description,Local_Image_Path
Frédéric Bruly Bouabré,30876,Ivorian,Africa,1,481,Male,1923,2014,Continent_strip\Frédéric Bruly Bouabré_30876.png,"Frédéric Bruly Bouabré was a visionary Ivorian artist and poet who dedicated his life to creating a universal 'pictographic' language to document the history and folklore of the Bété people. His work consists of thousands of small, postcard-sized drawings executed with ballpoint pen and colored pencil, forming an expansive 'alphabet' of the world. Bouabré’s practice was characterized by a desire to preserve and celebrate African knowledge while building a bridge to a global humanity. His style is raw, vibrant, and highly narrative, often featuring symbolic figures and fragments of text. His legacy lies in his role as a 'knowledge-seeker' whose work turned personal revelation into a powerful visual encyclopedia of human culture and spiritual connectivity.",
William Kentridge,7919,South African,Africa,2,77,Male,1955,0,Continent_strip\William Kentridge_7919.png,"William Kentridge is a titan of global contemporary art and a preeminent South African artist known for his profound investigations into colonialism, apartheid, and the human condition. He gained international fame for his 'charcoal animations'—films made from erased and redrawn charcoal sketches that document the 'residue' of memory and time. Kentridge’s practice—spanning film, drawing, and opera—is characterized by its gestural intensity and its use of the 'theatrical' to explore themes of social struggle and existential anxiety. By turning the act of erasure into a site of historical witness, he provides a critical and highly original commentary on the traumatic and shifting nature of national identity in post-apartheid South Africa.",country_top10_artist_images/William Kentridge.jpg
David Goldblatt,2214,South African,Africa,3,48,Male,1930,2018,Continent_strip\David Goldblatt_2214.png,"David Goldblatt was a monumental South African photographer whose work is a rigorous and unblinking investigation into the social, physical, and psychological scars of apartheid. His practice—spanning decades—focused on the 'structures' of South African life, capturing the architecture, the landscapes, and the faces of ordinary people with a clinical, high-contrast black-and-white aesthetic. Goldblatt’s style was characterized by its observational depth and its refusal to be sentimental, instead seeking to reveal the underlying ideologies etched into the built environment. His legacy lies in his role as a master of 'documentary as witness,' whose work turns the specific political reality of his nation into a universal and profound visual meditation on power.",
Diane Victor,28199,South African,Africa,4,18,Female,1964,0,Continent_strip\Diane Victor_28199.png,"Diane Victor is a prominent South African artist known for her raw, provocative, and highly detailed investigations into the themes of social violence, corruption, and the suffering of the marginalized. Her practice—spanning drawing and printmaking—often utilizes unconventional materials like 'smoke' from candles to create ghostly, ephemeral portraits that explore the fragility of human life. Victor’s style is characterized by its graphic power and a sense of 'baroque' intensity, often focusing on the dark underbelly of post-apartheid society. By blending high-art tradition with a sharp, social conscience, she provides a critical and often uncomfortable commentary on the resilience of the human spirit in a landscape of systemic neglect and historical trauma.",country_top10_artist_images/Diane Victor.jpg
Marlene Dumas,7521,South African,Africa,5,16,Female,1953,0,Continent_strip\Marlene Dumas_7521.png,"Marlene Dumas is a titan of contemporary painting, a South African-born artist based in the Netherlands whose work is a sophisticated and often monochromatic investigation into the themes of gender, race, and the human condition. Her style is characterized by its fluid, washed-out use of paint and its focus on the human face and body as a site of psychological and political exploration. Dumas’s practice often utilizes found photographs and media images to explore the 'politics' of representation and the fragility of the self. By deconstructing the visual language of the 'celebrity' or the 'victim,' she provides a critical and highly original commentary on how identity is performed and consumed in a digital era.",country_top10_artist_images/Marlene Dumas.jpg
Wael Shawky,41664,Egyptian,Africa,6,16,Male,1971,0,Continent_strip\Wael Shawky_41664.png,"Wael Shawky is a leading Egyptian contemporary artist whose work utilizes film, drawing, and performance to re-examine historical narratives and the construction of collective memory. He gained international acclaim for his 'Cabaret Crusades' trilogy, where he used 200-year-old marionettes to retell the history of the Crusades from an Arab perspective. Shawky’s practice is characterized by a meticulous attention to detail and a fascination with the theatricality of history. By using puppets or children to enact complex political dramas, he creates a sense of alienation that allows the viewer to look at historical events with a new, critical distance. His work is a profound meditation on how stories are told and how they shape our understanding of identity and power.",country_top10_artist_images/Wael Shawky.jpg
Barthelemy Toguo,38243,Cameroonian,Africa,7,13,Male,1967,0,Continent_strip\Barthelemy Toguo_38243.png,"Barthelemy Toguo is a contemporary Cameroonian artist whose multidisciplinary work addresses themes of migration, human rights, and the ecological relationship between nature and humanity. His practice—spanning painting, performance, sculpture, and photography—is characterized by a fluid, water-based aesthetic where human forms often merge with plants or animals. Toguo’s work often serves as a form of social activism, critiquing the barriers and injustices faced by those moving between the global North and South. He is also the founder of Bandjoun Station, a cultural center in Cameroon that promotes local agriculture and art. His legacy lies in his ability to combine powerful political messaging with a poetic and spiritual visual language.",country_top10_artist_images/Barthelemy Toguo.jpg
Claudette Schreuders,28218,South African,Africa,8,11,Female,1973,0,Continent_strip\Claudette Schreuders_28218.png,"Claudette Schreuders is a celebrated South African contemporary artist known for her unique and highly personal sculptures in painted wood. Her work is characterized by its 'sophisticated naïve' aesthetic, drawing from the traditions of West African colon figures and Spanish colonial art to explore the domestic and social lives of ordinary South Africans. Schreuders’s style is characterized by its emotional intimacy and its focus on themes of alienation, family, and the 'whiteness' of the post-apartheid middle class. By turning personal history into a site of profound psychological witness, she provides a critical and highly original commentary on the 'fragile' connections between the individual and the civic space in a changing world.",
Ibrahim El-Salahi,5121,Sudanese,Africa,9,9,Male,1930,0,Continent_strip\Ibrahim ElSalahi_5121.png,"Ibrahim El-Salahi is a titan of modern African art and a pioneer of the 'Khartoum School' in Sudan. His work is a revolutionary synthesis of European modernism, traditional African motifs, and Islamic calligraphy. El-Salahi’s practice—spanning painting and drawing—is characterized by its intricate linework, earthy color palettes, and a sense of 'meditative' abstraction. During his period of political imprisonment, he developed a unique approach to 'small-scale' drawing that influenced his later, monumental works. By deconstructing the written word and the human figure, he created a universal visual language that celebrated his hybrid identity. His legacy lies in his role as a master of 'global modernism,' whose work turn the canvas into a site of profound spiritual and political witness.",
Jean Depara,75463,Congolese,Africa,10,9,Male,1928,1997,Continent_strip\Jean Depara_75463.png,"Jean Depara was a legendary photographer from the Democratic Republic of the Congo, whose work famously documented the vibrant, cosmopolitan nightlife of Kinshasa in the 1950s and 60s. As the official photographer for the singer Franco, Depara had unprecedented access to the city’s bars, clubs, and 'Yé-yé' subculture. His candid, black-and-white images capture a generation of young Africans embracing modern music, fashion, and a spirit of independence. Depara’s photography is characterized by its dynamic energy and a sense of joyous spontaneity. By recording the social rituals and the stylish energy of Kinshasa’s 'belle époque,' he created a timeless visual record of African modernism and urban liberation.",
Yoshitomo Nara,25523,Japanese,Asia,1,145,Male,1959,0,Continent_strip\Yoshitomo Nara_25523.png,"Yoshitomo Nara is a world-renowned Japanese contemporary artist whose iconic paintings of 'big-eyed' children captured the global imagination. His work—spanning painting, sculpture, and drawing—is a sophisticated synthesis of Japanese pop culture (manga and anime), rock music, and Western modernism. Nara’s characters often possess a sense of 'punk' rebellion, loneliness, and a dark, psychological depth that belies their cute appearance. His practice is characterized by its emotional intimacy and a rejection of the 'flat' surfaces of his peers in favor of a textured, painterly approach. His legacy lies in his role as a visual poet of the 'outsider,' whose work resonates with the internal anxieties and the resilient spirit of the modern individual.",country_top10_artist_images/Yoshitomo Nara.jpg
Masuo Ikeda,2801,Japanese,Asia,2,90,Male,1934,1997,Continent_strip\Masuo Ikeda_2801.png,"Masuo Ikeda was a titan of Japanese graphic arts and a master of the printmaking medium who gained international fame in the 1960s. His work—spanning etching, lithography, and ceramics—is characterized by its eroticism, its sophisticated use of line, and a dreamlike, often surrealist aesthetic. Ikeda’s style was a vibrant blend of traditional Japanese sensuality and the formal innovations of European abstraction. He was a master of the 'drypoint' technique, creating intricate, atmospheric textures that captured the mysteries of human desire and the subconscious. As a novelist and filmmaker as well, his legacy is that of a versatile and provocative intellectual who pushed the boundaries of the image into the realm of the psychological and the erotic.",country_top10_artist_images/Masuo Ikeda.jpg
Tadanori Yokoo,6502,Japanese,Asia,3,83,Male,1936,0,Continent_strip\Tadanori Yokoo_6502.png,"Tadanori Yokoo is a legendary Japanese graphic designer and artist whose work defined the psychedelic and post-modern aesthetic of post-war Japan. Initially a master of the 'pop-art' poster, his work is characterized by a riot of color, a sense of collage, and the ironic use of cultural and nationalist symbols. Yokoo’s practice was deeply influenced by his interest in mysticism, Indian philosophy, and the 'end of the world.' In the 1980s, he famously 'retired' from design to focus on painting, creating a body of work that was both personal and expressive. His legacy lies in his role as a visual provocateur who challenged the 'International Typographic Style,' advocating for a design language that was chaotic, vibrant, and deeply emotional.",
Yutaka Matsuzawa,32795,Japanese,Asia,4,79,Male,1922,2006,Continent_strip\Yutaka Matsuzawa_32795.png,"Yutaka Matsuzawa was the 'father' of Japanese conceptual art and a radical visionary who sought to 'vanish' the art object entirely. Following a spiritual revelation, he developed a practice based on 'immateriality' and the 'word,' using text-based instructions and performances to provoke a state of non-visual consciousness. Matsuzawa’s work was characterized by its deep connection to Zen Buddhism and a desire to reach a state of 'purity' through the elimination of the physical. His 'Data' series and his 'Nirvana' events explored the boundaries of the mind and the universe. His legacy lies in his role as a philosophical radical whose commitment to the 'unseen' fundamentally changed the course of Japanese and international conceptual art.",
Mieko Shiomi,5403,Japanese,Asia,5,73,Female,1938,0,Continent_strip\Mieko Shiomi_5403.png,"Mieko Shiomi is a pioneering Japanese composer and artist who was a central figure in the international Fluxus movement. She is best known for her 'Spatial Poems'—a series of global, participatory events where she asked fellow artists to perform simple actions at specific times, creating a worldwide network of creative exchange. Shiomi’s practice is characterized by a blend of musical logic and poetic minimalism, seeking to explore the relationship between sound, time, and the everyday. Her 'Events' often involve small, poetic gestures that challenge the traditional boundaries of the performance. Her legacy lies in her role as a master of the 'conceptual event,' whose work turned the world into a site of interconnected and ephemeral artistic discovery.",
Bezalel Schatz,5207,Israeli,Asia,6,47,Male,1913,0,Continent_strip\Bezalel Schatz_5207.png,"Bezalel Schatz was a versatile Israeli artist and a member of a legendary artistic dynasty, known for his work in painting, sculpture, and the decorative arts. His practice was characterized by a sophisticated synthesis of European modernism and the burgeoning visual identity of the young Israeli state. Schatz was a pioneer in integrating art with crafts, often working with metal and textiles to create objects that were both functionally modern and culturally expressive. His style evolved from figurative work to a lyrical abstraction that captured the unique light and rhythm of the Mediterranean. As a teacher and a founder of the 'Yad la-Yad' workshop, his legacy lies in his commitment to the social role of art and the elevation of craftsmanship to high-art status.",
Ay-O,255,Japanese,Asia,7,43,Male,1931,0,Continent_strip\AyO_255.png,"Ay-O is a celebrated Japanese artist known as the 'Rainbow Artist' for his long-term obsession with the full color spectrum. A member of the Fluxus movement, his work—spanning painting, printmaking, and installation—is characterized by the meticulous use of rainbow stripes to depict everyday objects, landscapes, and erotic scenes. Ay-O’s practice is a profound meditation on the nature of light and the physical properties of color. He is also famous for his 'Finger Boxes'—tactile objects that required the viewer to experience the artwork through touch. His legacy lies in his ability to blend the anti-academic spirit of Fluxus with a rigorous, almost scientific exploration of visual perception and the joyous energy of the spectrum.",country_top10_artist_images/Ay-O.jpg
Madoka Takagi,7041,Japanese,Asia,8,39,Female,1956,2015,Continent_strip\Madoka Takagi_7041.png,"Madoka Takagi was a prominent Japanese photographer based in New York, known for her intimate and high-contrast black-and-white portraits and urban scenes. Her work is characterized by its technical excellence and its ability to find a sense of monumental stillness within the chaotic energy of the city. Takagi’s style was a sophisticated blend of the 'New Objectivity' tradition and a deep, personal empathy for her subjects. By focusing on the structural beauty of the mundane and the quiet dignity of the individual, she provided a nuanced and often melancholic record of the human condition in the late 20th century. Her legacy lies in her role as a master of the atmospheric print, whose work turned the candid moment into a powerful visual meditation.",
Shomei Tomatsu,5895,Japanese,Asia,9,29,Male,1930,2012,Continent_strip\Shomei Tomatsu_5895.png,"Shomei Tomatsu was a monumental figure in Japanese photography and a leading member of the Vivo collective, whose work documented the social and physical scars of post-war Japan. He is best known for his series 'Nagasaki 11:02,' which captured the enduring trauma of the atomic bomb survivors through a lens of profound empathy and formal innovation. Tomatsu’s style was characterized by its raw, often gritty realism and its focus on the 'occupation' culture of Japan. He rejected the traditional 'decisive moment' in favor of a more symbolic and subjective documentary style. His legacy lies in his role as a witness to history, whose work redefined Japanese photography as a tool for national and psychological self-reflection.",
Zwi Milshtein,3996,Israeli,Asia,10,29,Male,1934,0,Continent_strip\Zwi Milshtein_3996.png,"Zwi Milshtein was an Israeli-French painter and printmaker celebrated for his whimsical, grotesque, and highly imaginative figurative world. Born in Moldova and based for decades in Paris, his work is characterized by a dense, narrative style where human figures, animals, and mythological creatures exist in a state of chaotic and colorful metamorphosis. Milshtein’s practice was deeply influenced by Eastern European folklore and the trauma of the 20th century, which he channeled into a playful yet often dark satirical language. His ability to blend the 'absurd' with a sophisticated painterly technique made him a unique voice in contemporary figurative art, known for his relentless creative energy and his profound, humorous observation of the human condition.",
Eugène Atget,229,French,Europe,1,2725,Male,1857,1927,Continent_strip\Eugène Atget_229.png,"Eugène Atget was a monumental figure in early photography, dedicated to documenting the 'Old Paris' before it was lost to modernization. Carrying a heavy view camera through the streets, he captured thousands of images of storefronts, courtyards, and architectural details. While he viewed his work as simple 'documents' for artists to use, his unique sense of composition and atmospheric light gained him posthumous acclaim as a forefather of modern photography. His ability to find mystery and poetry in mundane urban spaces deeply influenced the Surrealists. Atget’s legacy is that of a visual archivist whose obsessive documentation turned into a profound artistic meditation on time and memory.",country_top10_artist_images/Eugène Atget.jpg
Pablo Picasso,4609,Spanish,Europe,2,1132,Male,1881,1973,Continent_strip\Pablo Picasso_4609.png,"Pablo Picasso was a titan of 20th-century art and a revolutionary force who fundamentally redefined the boundaries of creative expression. As a co-founder of Cubism, he moved painting away from literal representation toward a radical deconstruction of form and space. His practice—spanning the 'Blue' and 'Rose' periods to the monumental anti-war masterpiece 'Guernica'—is characterized by its relentless innovation and technical versatility across painting, sculpture, and ceramics. Picasso’s work explored the deepest depths of human emotion, eroticism, and political struggle. His legacy remains as perhaps the most influential artist of the modern era, whose fearless pursuit of 'the new' changed the course of global visual culture forever.",country_top10_artist_images/Pablo Picasso.jpg
Jean Dubuffet,1633,French,Europe,3,987,Male,1901,1985,Continent_strip\Jean Dubuffet_1633.png,"Jean Dubuffet was a provocative French artist and the founder of 'Art Brut' (Raw Art). He rejected traditional 'fine art' and academic standards in favor of the untutored creativity found in the work of children, prisoners, and the mentally ill. His own practice was characterized by a raw, textured aesthetic—often utilizing mud, sand, and asphalt—and a playful, primitive visual language. Dubuffet’s 'Hourloupe' cycle, featuring interlocking cellular patterns in red, white, and blue, remains his most recognizable style. By championing the 'common man's' creativity, he fundamentally challenged the elitism of the art world and paved the way for postmodernism and contemporary installation art.",country_top10_artist_images/Jean Dubuffet.jpg
Henri Matisse,3832,French,Europe,4,979,Male,1869,1954,Continent_strip\Henri Matisse_3832.png,"Henri Matisse was a titan of 20th-century art and a leading figure of Fauvism, celebrated for his revolutionary use of expressive color and fluid draftsmanship. His work moved from the 'wild' energy of his early years to a refined, decorative mastery, always seeking a sense of balance and serenity. Matisse famously viewed art as a 'soothing influence on the mind,' a philosophy reflected in his vibrant still-lifes, nudes, and the late-career paper cut-outs he called 'drawing with scissors.' His ability to simplify forms and prioritize the emotional impact of the palette changed the course of modern painting, making him one of the most influential and beloved figures in Western art history.",country_top10_artist_images/Henri Matisse.jpg
Marc Chagall,1055,French,Europe,5,972,Male,1887,1985,Continent_strip\Marc Chagall_1055.png,"Marc Chagall was a preeminent Russian-French artist who synthesized elements of Cubism, Symbolism, and Fauvism into a deeply poetic and dreamlike visual language. His work is a vibrant celebration of Jewish folklore, biblical themes, and personal memory, often featuring floating lovers, fiddlers, and farm animals. Chagall’s art is characterized by its brilliant color and its refusal to be bound by gravity or logic, creating a world where the spiritual and the everyday coexist. Beyond painting, he achieved international acclaim for his stained glass, mosaics, and stage designs. His legacy is one of the 20th century’s most distinctive and enduringly popular expressions of the human spirit and cultural identity.",country_top10_artist_images/Marc Chagall.jpg
Pierre Bonnard,665,French,Europe,6,902,Male,1867,1947,Continent_strip\Pierre Bonnard_665.png,"Pierre Bonnard was a leading figure of the 'Les Nabis' group and a master of Intimism, known for his luminous, highly personal depictions of domestic life. His paintings—often featuring his wife Marthe in private settings or lush gardens—are characterized by their complex, shimmering use of color and a sense of quiet observation. Bonnard’s work explores the nature of memory and the way light transforms familiar spaces over time. By utilizing unconventional perspectives and a rich, layered palette, he elevated the mundane domestic sphere into a site of profound psychological and sensory experience. His late work, in particular, is celebrated as a bridge between 19th-century Impressionism and modern abstraction.",country_top10_artist_images/Pierre Bonnard.jpg
Émile Bernard,511,French,Europe,7,628,Male,1868,1941,Continent_strip\Émile Bernard_511.png,"Émile Bernard was a pivotal French painter and theorist whose innovations in Cloisonnism and Synthetism laid the groundwork for modern symbolism. Initially a close associate of Paul Gauguin and Vincent van Gogh, Bernard developed a style characterized by flat areas of bold color separated by heavy dark outlines, much like stained glass or Japanese prints. He was a crucial intellectual force in the Pont-Aven school, advocating for art that captured the essence and memory of a subject rather than a realistic likeness. Though his later career turned toward a more traditional neoclassicism, his early contributions were essential to the shift away from Impressionism and toward the birth of the avant-garde.",country_top10_artist_images/Émile Bernard.jpg
Georges Rouault,5053,French,Europe,8,590,Male,1871,1958,Continent_strip\Georges Rouault_5053.png,"Georges Rouault was a French Expressionist painter and printmaker whose work is deeply rooted in religious mysticism and social critique. Originally trained as a stained-glass artisan, he translated the heavy lead outlines and glowing colors of medieval windows into his canvases. His recurring subjects—clowns, prostitutes, and the suffering Christ—explore the human condition through a lens of profound empathy and moral weight. Rouault’s style is characterized by its thick, encrusted layers of paint and its dark, glowing intensity. A central figure in the Fauve movement, his legacy lies in his ability to use the modern visual language of distortion and raw color to address timeless themes of sin, redemption, and human dignity.",country_top10_artist_images/Georges Rouault.jpg
André Derain,1500,French,Europe,9,557,Male,1880,1954,Continent_strip\André Derain_1500.png,"André Derain was a founding figure of Fauvism, known for his 'wild' use of color and his collaboration with Henri Matisse. His early landscapes of London and the Mediterranean are characterized by a vibrant, non-naturalistic palette and bold, fragmented brushwork. Derain was also a key figure in the development of Cubism and was one of the first European artists to draw inspiration from African sculpture. In his later career, he moved toward a more traditional and orderly 'return to order' style, influenced by classical and Renaissance art. His legacy as a pioneer of the avant-garde lies in his initial, fearless break from tradition, which fundamentally changed the role of color in modern painting.",country_top10_artist_images/André Derain.jpg
August Sander,5145,German,Europe,10,553,Male,1876,1964,Continent_strip\August Sander_5145.png,"August Sander was a monumental German photographer and a pioneer of 'New Objectivity.' His life’s work, 'People of the Twentieth Century,' was an ambitious project to document the social structure of Germany through a series of archetypal portraits. By categorizing his subjects—from farmers and laborers to intellectuals and bankers—Sander sought to create a 'social atlas' of the human race. His style was characterized by its clinical clarity, directness, and lack of sentimentality. Despite being censored by the Nazis for not conforming to their racial theories, his legacy as a witness to history lies in his ability to show how an individual’s identity is inextricably linked to their social and professional role.",country_top10_artist_images/August Sander.jpg
Ludwig Mies van der Rohe,7166,American,North America,1,654,Male,1886,1969,Continent_strip\Ludwig Mies van der Rohe_7166.png,"Ludwig Mies van der Rohe is a titan of Modernist architecture and a former director of the Bauhaus. Famous for his 'less is more' philosophy, he pioneered an architectural language that utilized industrial steel and large panes of glass to create open, minimalist spaces. His 'skin and bones' structures, such as the Seagram Building and the Barcelona Pavilion, redefined the 20th-century skyline and emphasized clarity and material honesty over ornamentation. Mies believed that architecture should reflect the modern age through structural purity and elegant proportions. His influence remains foundational to contemporary design, setting the standard for urban sophistication.",country_top10_artist_images/Ludwig Mies van der Rohe.jpg
Louise Bourgeois,710,American,North America,2,504,Female,1911,2010,Continent_strip\Louise Bourgeois_710.png,"Louise Bourgeois was a French-American artist renowned for her deeply psychological and emotionally charged work, spanning sculpture, installation, and printmaking. She is perhaps best known for her monumental steel-and-marble spiders, titled Maman, which symbolize the protective yet predatory nature of motherhood. Her practice explored themes of domesticity, sexuality, and the body, often drawing from traumatic childhood memories. Bourgeois was a pioneer of confessional art, using diverse materials—from wood and bronze to old clothing—to give physical form to subconscious fears. Her long career made her one of the most influential figures in contemporary art, bridging Surrealism with modern installations.",country_top10_artist_images/Louise Bourgeois.jpg
George Maciunas,21398,American,North America,3,493,Male,1931,1978,Continent_strip\George Maciunas_21398.png,"George Maciunas was a Lithuanian-American artist and the founding member and primary theorist of the Fluxus movement. He aimed to bridge the gap between art and life, advocating for 'anti-art' that was accessible, non-commercial, and collaborative. Maciunas was the central organizer of Fluxus festivals and the creator of Fluxboxes—kits containing small artworks and games. He famously viewed the artist as a professional 'maker' rather than a genius, promoting a collective aesthetic that prioritized humor and simplicity. His radical ideas regarding social housing and artist cooperatives in SoHo, New York, significantly impacted the development of the contemporary avant-garde art scene.",country_top10_artist_images/George Maciunas.jpg
Lee Friedlander,2002,American,North America,4,411,Male,1934,0,Continent_strip\Lee Friedlander_2002.png,"Lee Friedlander is an influential American photographer celebrated for his ability to find complex patterns and social meaning within the 'social landscape' of everyday life. Emerging in the 1960s, he developed a distinctive visual language characterized by fragmented reflections, street signs, and his own shadow or reflection appearing in the frame. His work often utilizes a dense, layered composition that captures the chaotic energy of American urban environments. Friedlander’s detached yet witty gaze transformed mundane scenes into sophisticated formal studies. His extensive body of work, ranging from street photography to nudes and portraits, remains a cornerstone of contemporary documentary photography and aesthetic exploration.",country_top10_artist_images/Lee Friedlander.jpg
Jim Dine,1547,American,North America,5,372,Male,1935,0,Continent_strip\Jim Dine_1547.png,"Jim Dine is a prominent American artist associated with the Pop Art movement, though his work often carries a more personal and expressionistic tone than that of his peers. He gained fame in the 1960s for his 'happenings' and his use of everyday objects—such as tools, bathrobes, and hearts—as recurring motifs in his paintings and sculptures. For Dine, these objects function as self-portraits or vessels for emotional memory. His practice is deeply rooted in the process of drawing and the tactile quality of materials. By elevating domestic symbols to the status of icons, Dine explores themes of identity, labor, and the enduring power of the creative spirit.",country_top10_artist_images/Jim Dine.jpg
Frank Lloyd Wright,6459,American,North America,6,371,Male,1867,1959,Continent_strip\Frank Lloyd Wright_6459.png,"Frank Lloyd Wright was a legendary American architect and a pioneer of 'organic architecture,' a philosophy that sought to create harmony between human habitation and the natural world. Over a career spanning seven decades, he designed iconic structures like Fallingwater and the Solomon R. Guggenheim Museum. Wright rejected European neoclassical styles in favor of horizontal lines and open floor plans, most famously seen in his Prairie School designs. He believed that a building should grow from its site like a living organism. His visionary approach to spatial fluidity and integrated furniture revolutionized modern architecture, making him one of the most significant architectural figures in history.",country_top10_artist_images/Frank Lloyd Wright.jpg
Ben Kinmont,41829,American,North America,7,328,Male,1963,0,Continent_strip\Ben Kinmont_41829.png,"Ben Kinmont is a contemporary conceptual artist whose work focuses on the social value of art and the ethics of human interaction. Since the late 1980s, Kinmont has moved away from traditional art objects, instead creating 'social sculptures' that involve conversations, domestic tasks, or third-party exchanges. His practice often blurs the line between his personal life and his artistic output, frequently exploring the concept of 'meaningful work.' He is also the founder of the Antinomian Press, through which he publishes bibliographies and texts related to art and life. Kinmont’s work challenges the commercialization of art, advocating for a practice that prioritizes human connection and intellectual generosity.",
Sol LeWitt,3528,American,North America,8,324,Male,1928,2007,Continent_strip\Sol LeWitt_3528.png,"Sol LeWitt was a foundational American artist of the Minimalist and Conceptual art movements. He is best known for his 'Wall Drawings' and modular structures, which are based on the idea that the 'concept' or 'instruction' behind the work is more important than the physical execution. LeWitt believed that the artist acts as a composer, providing a set of rules that others can carry out. His use of geometric forms—specifically cubes and lines—sought to strip art of subjective emotion and narrative. By emphasizing the intellectual process over the final product, LeWitt radically transformed the definition of art, influencing generations of conceptual thinkers and designers.",country_top10_artist_images/Sol LeWitt.jpg
Raymond Pettibon,7500,American,North America,9,298,Male,1957,0,Continent_strip\Raymond Pettibon_7500.png,"Raymond Pettibon is an influential American artist known for his distinct style that blends ink drawing with poetic, often cryptic, text. Emerging from the Southern California punk rock scene in the late 1970s, he first gained fame for his iconic album covers and flyers. His work draws from a wide range of cultural sources, including literature, film noir, sports, and American politics. Pettibon’s drawings often tackle themes of power, religion, and the dark underbelly of the American dream. Through his raw aesthetic and complex narratives, he creates a fragmented commentary on contemporary society, making him a central figure in the dialogue between high art and subculture.",country_top10_artist_images/Raymond Pettibon.jpg
Robert Rauschenberg,4823,American,North America,10,293,Male,1925,2008,Continent_strip\Robert Rauschenberg_4823.png,"Robert Rauschenberg was a groundbreaking American artist whose work acted as a bridge between Abstract Expressionism and Pop Art. He is most famous for his 'Combines'—innovative works that blurred the boundaries between painting and sculpture by incorporating found objects like rubber tires, clocks, and taxidermy. Rauschenberg believed that art should operate in the 'gap between art and life.' He was a tireless experimenter, utilizing silk-screening, performance, and technology-based art throughout his career. His collaborative spirit and rejection of traditional categories expanded the possibilities of what an artist could do, cementing his legacy as one of the most inventive figures of the 20th century.",country_top10_artist_images/Robert Rauschenberg.jpg
Sidney Nolan,4325,Australian,Oceania,1,58,Male,1917,1992,Continent_strip\Sidney Nolan_4325.png,"Sir Sidney Nolan was one of Australia’s most iconic modernist painters, famous for his stark and haunting depictions of the Australian outback and its folklore. He is best known for his 'Ned Kelly' series, which transformed the notorious bushranger into a stylized, armor-clad symbol of defiance and national identity. Nolan’s work is characterized by its fluid, experimental use of media and a sense of isolation and mythic grandeur. By blending historical narratives with surrealist landscapes, he redefined how Australians visualized their own continent, capturing the harsh beauty and the psychological ghosts of the frontier in a way that resonated on a global stage.",country_top10_artist_images/Sidney Nolan.jpg
Richard Bosman,689,Australian,Oceania,2,45,Male,1944,0,Continent_strip\Richard Bosman_689.png,"Richard Bosman is an Australian-born painter and printmaker who became a central figure in the Neo-Expressionist movement of the 1980s. His work is characterized by a dramatic, 'pulp fiction' aesthetic, often depicting scenes of violence, disaster, or emotional distress in a raw and graphic style. Bosman draws inspiration from comic books, film noir, and tabloid journalism, using thick brushwork and bold colors to heighten the sense of tension and melodrama. His art explores the darker side of human experience—accidents at sea, crime scenes, and domestic turmoil—turning fleeting moments of crisis into powerful, frozen narratives that challenge the viewer’s sense of safety and voyeurism.",
Fred Williams,6378,Australian,Oceania,3,14,Male,1927,1982,Continent_strip\Fred Williams_6378.png,"Fred Williams was a towering figure in Australian art, credited with revolutionizing the way the Australian landscape is perceived. Moving away from traditional representational styles, Williams developed a unique abstract language consisting of dots, lines, and calligraphic marks that captured the vastness and scrubby texture of the bush from an aerial-like perspective. His work emphasizes the flatness of the land and its subtle, earthy color palette, moving beyond European traditions to find an authentic visual rhythm for the Australian continent. His rigorous exploration of the horizon and spatial density made him a seminal influence on contemporary landscape painting and a beloved national icon.",
Tracey Moffatt,8041,Australian,Oceania,4,12,Female,1960,0,Continent_strip\Tracey Moffatt_8041.png,"Tracey Moffatt is a highly influential Australian contemporary artist and filmmaker whose work explores themes of race, gender, memory, and the history of representation. Often working in cinematic photographic series, Moffatt creates stylized, highly constructed narratives that reference film history, popular culture, and her own Aboriginal heritage. Her art frequently addresses the emotional and social impact of colonization and displacement, but it does so through a lens of surrealism and high-fashion aesthetics. By blurring the line between personal memory and collective myth, Moffatt challenges viewers to question the 'truth' of images and the power dynamics inherent in the act of looking.",
Denise Green,25599,Australian,Oceania,5,5,Female,1946,0,Continent_strip\Denise Green_25599.png,"Denise Green is an Australian-American painter and theorist known for her commitment to abstraction and her deep exploration of the relationship between form and internal meaning. Her work often involves singular, iconic shapes placed against textured or monochrome backgrounds, reflecting her interest in both Western minimalism and non-Western spiritual philosophies. Green’s practice is deeply rooted in the concept of 'metonymy,' where simple forms stand in for complex emotional or philosophical states. As a writer and artist, she has contributed significantly to the discourse on contemporary painting, advocating for a meditative, intellectual approach that prioritizes the artist’s inner life and the formal purity of the canvas.",
Richard Tipping,36025,Australian,Oceania,6,5,Male,1949,0,Continent_strip\Richard Tipping_36025.png,"Richard Tipping is an Australian artist and poet who works at the intersection of language and visual art. He is best known for his 'subversive signage'—sculptural works that mimic the aesthetic of official road signs or public notices but replace the standard warnings with poetic, humorous, or political messages. By playing with the authority of typography and the urban environment, Tipping forces viewers to reconsider the messages they encounter in daily life. His work often blends Dadaist irony with a sharp social conscience, using the physical properties of metal and reflective materials to give weight to his wordplay and linguistic interventions.",country_top10_artist_images/Richard Tipping.jpg
Marc Newson,7999,Australian,Oceania,7,4,Male,1963,0,Continent_strip\Marc Newson_7999.png,"Marc Newson is a world-renowned Australian industrial designer whose influential 'biomorphic' style has touched everything from furniture and watches to aircraft and spacecraft. Characterized by smooth lines, organic curves, and a seamless integration of high-tech materials, his work—such as the iconic Lockheed Lounge—has become a symbol of contemporary luxury and futurism. Newson’s approach blends traditional craftsmanship with advanced manufacturing techniques, often aiming to create timeless objects that prioritize ergonomic comfort and visual fluidity. As one of the most successful designers of his generation, his work is held in major museum collections globally and has defined the aesthetic of modern industrial design.",country_top10_artist_images/Marc Newson.jpg
Simon Denny,46033,New Zealander,Oceania,8,4,Male,1982,0,Continent_strip\Simon Denny_46033.png,"Simon Denny is a celebrated New Zealand contemporary artist based in Berlin, known for his rigorous and often sculptural investigations into the culture of technology, data, and global power. His practice—spanning installation, printmaking, and video—often utilizes the 'visual language' of trade fairs, startups, and bureaucratic systems to reveal the underlying ideologies of the digital age. Denny’s work is characterized by its research-driven depth and its focus on themes like blockchain, surveillance, and the 'Internet of Things.' By deconstructing the presentation of corporate and state information, he provides a critical and often witty commentary on how technology reshapes our social and political reality.",country_top10_artist_images/Simon Denny.jpg
Clement Meadmore,3902,Australian,Oceania,9,3,Male,1929,2005,Continent_strip\Clement Meadmore_3902.png,"Clement Meadmore was an Australian-American sculptor famous for his monumental steel structures that appear to twist and defy gravity. His work typically consists of single, heavy rectangular beams that are bent or coiled into dynamic, expressive forms, suggesting a sense of fluid movement despite their massive weight. Meadmore’s sculptures are rooted in both Minimalism and Abstract Expressionism, focusing on the clarity of form and the physical presence of industrial materials like Cor-Ten steel. Often placed in public outdoor settings, his works interact with the surrounding space through their bold geometry and surprising grace, making him a major figure in 20th-century public sculpture.",
Colin Lanceley,3355,Australian,Oceania,10,3,Male,1938,0,Continent_strip\Colin Lanceley_3355.png,"Colin Lanceley was a prominent Australian artist who broke traditional boundaries between painting and sculpture. He first gained fame as part of the 'Annandale Imitation Realists' group, which used found objects and junk to create playful, provocative art. His mature style evolved into sophisticated, three-dimensional paintings where sculptural elements—carved wood and objects—extended out from the canvas. Lanceley’s work is characterized by vibrant colors and a sense of joy, drawing inspiration from music, poetry, and the natural world. His ability to create 'constructed paintings' that occupy both the wall and the air around them established him as a master of whimsical yet formally rigorous contemporary art.",
José Antonio Suárez Londoño,26770,Colombian,South America,1,236,Male,1955,0,Continent_strip\José Antonio Suárez Londoño_26770.png,"José Antonio Suárez Londoño is a celebrated Colombian artist known for his intimate, small-scale drawings and prints that act as a visual diary of his encyclopedic interests. His work is characterized by a refined technical precision and a vast range of subjects, from botanical studies and portraits to scenes inspired by literature and music. Suárez Londoño’s practice is defined by a daily discipline of drawing, resulting in thousands of sketches that form a complex, interconnected world of personal observation. By blending the tradition of the 'Old Masters' with a modern, stream-of-consciousness approach, he has created one of the most distinctive and poetic bodies of work in contemporary Latin American art.",country_top10_artist_images/José Antonio Suárez Londoño.jpg
Roberto Matta,3842,Chilean,South America,2,205,Male,1911,2002,Continent_strip\Roberto Matta_3842.png,"Roberto Matta was a titan of 20th-century art and a central figure in the Surrealist movement. Born in Chile, he traveled to Paris where he developed his theory of 'psychological morphologies'—paintings that aimed to visualize the inner landscape of the human subconscious. His work is characterized by vast, cosmic spaces filled with translucent, biomorphic forms and electrical energy. Matta was a crucial link between European Surrealism and American Abstract Expressionism, influencing artists like Pollock and Gorky. Throughout his long career, his art became increasingly political, addressing social injustice and the human condition with a visionary, futuristic aesthetic that remained dedicated to the exploration of the mind's infinite depths.",country_top10_artist_images/Roberto Matta.jpg
Omar Rayo,4831,Colombian,South America,3,53,Male,1928,2010,Continent_strip\Omar Rayo_4831.png,"Omar Rayo was a monumental Colombian painter and sculptor who pioneered a unique style of geometric abstraction based on the 'optical illusion' of the folded ribbon. His work, characterized by high-contrast black, white, and red palettes, utilizes shadows and precise geometry to create 3D effects on a 2D canvas. Rayo’s art was deeply influenced by the textiles of pre-Columbian cultures, which he translated into a modern, minimalist language known as 'Op Art.' He founded the Rayo Museum of Latin American Prints and Design in his hometown of Roldanillo, cementing his legacy as a champion of graphic arts and a master of the structural elegance of the line.",country_top10_artist_images/Omar Rayo.jpg
Carybé (Hector Bernabó),1003,Brazilian,South America,4,47,Male,1911,1997,Continent_strip\Carybé Hector Bernabó_1003.png,"Carybé was an Argentine-born painter, sculptor, and illustrator who became an iconic figure in Brazilian culture after settling in Bahia. His work is a vibrant celebration of Afro-Brazilian life, capturing the rituals of Candomblé, the grace of capoeira, and the daily energy of the markets. Carybé’s style is characterized by its fluid lines and a deep, empathetic understanding of his subjects, blending modernist abstraction with folk vitality. He was a master of various media, from monumental murals to delicate drawings. By documenting the soul of Bahia, Carybé played a crucial role in the visual preservation of Brazilian regional identity, turning local traditions into universal symbols of human joy and spiritual resilience.",country_top10_artist_images/Carybé (Hector Bernabó).jpg
León Ferrari,1859,Argentine,South America,5,40,Male,1920,2013,Continent_strip\León Ferrari_1859.png,"León Ferrari was a provocative Argentine conceptual artist renowned for his politically charged work that criticized social injustice, war, and religious dogma. His diverse practice included sculpture, collage, and 'written drawings,' where he used calligraphy as a visual medium. Ferrari gained international notoriety for his piece La Civilización Occidental y Cristiana, which depicted Christ on a US fighter jet as a critique of the Vietnam War. Despite facing censorship and exile during Argentina’s dictatorship, he remained a steadfast advocate for human rights. His art serves as a powerful testament to the role of the artist as a critical conscience and a defender of political freedom.",country_top10_artist_images/León Ferrari.jpg
Luis Camnitzer,934,Uruguayan,South America,6,39,Male,1937,0,Continent_strip\Luis Camnitzer_934.png,"Luis Camnitzer is a titan of contemporary art and a founding father of 'Conceptual Art,' an Uruguayan-born artist based in New York whose work is a rigorous investigation into the politics of language, education, and institutional power. His practice—spanning printmaking, installation, and theory—often utilizes simple, deadpan text to reveal the underlying ideologies of the globalized system. Camnitzer believes that art is a tool for 'knowledge' rather than just an aesthetic object. His work is characterized by its intellectual wit and its focus on the 'social value' of the creative gesture. His legacy lies in his role as a master of 'ethical conceptualism,' whose work deconstructs the violence of history and the hierarchies of the museum.",
Gego (Gertrud Goldschmidt),2107,Venezuelan,South America,7,33,Female,1912,1994,Continent_strip\Gego Gertrud Goldschmidt_2107.png,"Gego was a titan of contemporary sculpture, a German-born Venezuelan artist whose work redefined the concept of line and space. She is best known for her 'Reticuláreas'—massive, room-sized installations of interconnected wire nets that create a sense of 'drawing in space.' Gego’s practice was a profound investigation into the fragility of the line and the 'void' between structures. Moving away from the rigid geometry of Kinetic Art, her style was more organic, delicate, and transparency-focused. Her legacy lies in her role as a master of 'non-monumental' sculpture, whose work turned the physical environment into a site of profound sensory and psychological discovery, exploring the infinite potential of the web and the grid.",country_top10_artist_images/Gego (Gertrud Goldschmidt).jpg
Libero Badii,278,Argentine,South America,8,33,Male,1916,2001,Continent_strip\Libero Badii_278.png,"Libero Badii was an Italian-born Argentine sculptor and painter who played a vital role in the development of modern Latin American art. He is best known for his 'sinister' aesthetic—a concept he developed to describe the mysterious, symbolic, and often unsettling nature of the human condition. Badii’s work frequently combined organic and geometric forms, often carved in wood or cast in bronze, reflecting his deep interest in pre-Columbian art and ancient myths. Throughout his career, he sought to create a unique regional visual language that moved away from European academicism. His legacy is defined by his profound exploration of the spiritual and the elemental within sculpture.",country_top10_artist_images/Libero Badii.jpg
Nicolás Paris,43702,Colombian,South America,9,32,Male,1977,0,Continent_strip\Nicolás Paris_43702.png,"Nicolás Paris is a contemporary Colombian artist whose practice focuses on the relationship between art, pedagogy, and social interaction. His work often involves workshops, collaborative drawing, and the creation of environments that encourage 'unlearning' and collective thought. Paris views the exhibition space as a laboratory or a classroom, using minimalist gestures and humble materials to provoke curiosity and dialogue. By shifting the focus from the final art object to the process of exchange and the development of ideas, he challenges traditional museum hierarchies. His work is a profound meditation on how we learn, how we perceive, and how art can serve as a catalyst for human connection.",
Vik Muniz,7818,Brazilian,South America,10,32,Male,1961,0,Continent_strip\Vik Muniz_7818.png,"Vik Muniz is a world-renowned Brazilian artist known for his ingenious use of non-traditional materials to recreate iconic images from art history and popular culture. Using substances like chocolate, sugar, garbage, diamonds, and wire, he meticulously constructs scenes and then photographs the result, creating a 'double take' for the viewer. His work explores the nature of perception and the mechanics of representation. Muniz gained widespread acclaim for his project Waste Land, where he collaborated with catadores (trash pickers) to create massive portraits out of recyclables. His practice is a brilliant fusion of social activism, material experimentation, and a playful critique of the photographic image's authority.",country_top10_artist_images/Vik Muniz.jpg
